5100,SITE_826
2707,SITE_390
1401,SITE_719
1131,SITE_429
28,SITE_1073
2474,SITE_839
842,SITE_138
168,SITE_896
3907,SITE_620
4370,SITE_177
3358,SITE_169
462,SITE_432
840,SITE_138
2404,SITE_106
4411,SITE_1189
1331,SITE_402
2017,SITE_1209
5130,SITE_456
4689,SITE_136
695,SITE_805
1380,SITE_374
967,SITE_535
1551,SITE_716
4415,SITE_878
1935,SITE_227
4374,SITE_378
3711,SITE_153
60,SITE_778
930,SITE_1130
2622,SITE_571
5180,SITE_231
2086,SITE_701
2920,SITE_694
3410,SITE_25
1312,SITE_722
4539,SITE_304
1101,SITE_188
378,SITE_592
948,SITE_431
5010,SITE_1153
3655,SITE_205
2008,SITE_523
5221,SITE_65
5032,SITE_753
617,SITE_601
4687,SITE_136
2619,SITE_636
3024,SITE_847
2223,SITE_1159
3395,SITE_5
964,SITE_1136
3553,SITE_1212
3193,SITE_1155
5240,SITE_1198
4122,SITE_430
2641,SITE_1006
1222,SITE_240
1106,SITE_1042
3388,SITE_464
2212,SITE_1214
2554,SITE_690
4088,SITE_158
3396,SITE_5
4526,SITE_120
26,SITE_1071
2785,SITE_315
3371,SITE_814
3921,SITE_744
2397,SITE_51
3238,SITE_1075
782,SITE_239
4549,SITE_295
4541,SITE_687
1577,SITE_57
5287,SITE_108
3947,SITE_343
2237,SITE_962
5315,SITE_271
1848,SITE_323
5244,SITE_557
4234,SITE_281
4922,SITE_693
3803,SITE_764
59,SITE_73
3827,SITE_952
2623,SITE_492
938,SITE_1206
1832,SITE_93
4162,SITE_426
2369,SITE_538
2643,SITE_1006
3768,SITE_52
453,SITE_704
2423,SITE_572
2966,SITE_625
4970,SITE_165
690,SITE_90
3617,SITE_3
541,SITE_885
2781,SITE_633
1022,SITE_1125
3419,SITE_1140
4145,SITE_434
1352,SITE_118
3521,SITE_508
394,SITE_1112
980,SITE_586
3384,SITE_333
787,SITE_155
3592,SITE_1111
5255,SITE_615
5223,SITE_775
5226,SITE_217
5145,SITE_382
630,SITE_618
3381,SITE_1224
1339,SITE_319
4544,SITE_76
5214,SITE_268
1322,SITE_786
54,SITE_902
5264,SITE_18
638,SITE_528
1904,SITE_1030
1950,SITE_1083
4045,SITE_239
644,SITE_157
383,SITE_621
4467,SITE_733
4579,SITE_1164
5122,SITE_814
2713,SITE_20
2822,SITE_470
3636,SITE_611
3090,SITE_678
1631,SITE_905
3217,SITE_440
2828,SITE_282
119,SITE_83
2773,SITE_221
5299,SITE_178
2310,SITE_918
4063,SITE_1154
2602,SITE_911
369,SITE_588
0,SITE_844
4498,SITE_186
1532,SITE_973
295,SITE_1064
279,SITE_1108
4797,SITE_314
1600,SITE_637
1867,SITE_167
564,SITE_234
3821,SITE_137
3960,SITE_390
823,SITE_151
1852,SITE_323
4307,SITE_978
529,SITE_1183
5278,SITE_1030
3125,SITE_940
4272,SITE_428
5142,SITE_333
5225,SITE_775
4571,SITE_1119
2730,SITE_1024
611,SITE_626
2301,SITE_839
3010,SITE_856
491,SITE_50
4556,SITE_531
989,SITE_666
696,SITE_805
196,SITE_280
2216,SITE_75
2684,SITE_681
4546,SITE_1091
3517,SITE_569
4091,SITE_666
4780,SITE_1197
3320,SITE_826
1142,SITE_296
4952,SITE_645
4908,SITE_648
2111,SITE_702
2700,SITE_884
2100,SITE_702
658,SITE_1201
5143,SITE_382
381,SITE_1086
1866,SITE_167
3810,SITE_1006
3425,SITE_1121
3111,SITE_423
919,SITE_990
3194,SITE_1155
1245,SITE_2
1871,SITE_753
2232,SITE_577
2755,SITE_567
4372,SITE_583
1420,SITE_302
1803,SITE_967
2856,SITE_120
822,SITE_918
2793,SITE_1043
3880,SITE_979
34,SITE_810
1404,SITE_244
3278,SITE_273
2492,SITE_886
3007,SITE_913
3585,SITE_810
4912,SITE_451
4185,SITE_937
569,SITE_898
863,SITE_737
4042,SITE_140
181,SITE_782
1902,SITE_1030
3455,SITE_876
4144,SITE_1144
2632,SITE_777
4492,SITE_1090
3882,SITE_1004
3697,SITE_277
1580,SITE_854
5071,SITE_769
3948,SITE_343
268,SITE_877
2275,SITE_1076
4721,SITE_334
1248,SITE_317
2266,SITE_1201
2646,SITE_137
4514,SITE_796
3209,SITE_903
4243,SITE_527
5192,SITE_983
1769,SITE_908
1388,SITE_353
2051,SITE_187
4390,SITE_196
3119,SITE_195
4790,SITE_494
4043,SITE_140
1524,SITE_765
1953,SITE_712
5167,SITE_25
3798,SITE_144
743,SITE_1062
830,SITE_43
888,SITE_745
3778,SITE_777
38,SITE_1208
2236,SITE_962
464,SITE_748
2006,SITE_699
4660,SITE_698
3868,SITE_788
3496,SITE_954
595,SITE_1069
3325,SITE_1048
3013,SITE_684
5236,SITE_954
3696,SITE_277
2673,SITE_985
2442,SITE_1147
2895,SITE_1164
4219,SITE_502
2834,SITE_26
3120,SITE_195
866,SITE_1067
1105,SITE_654
4289,SITE_1217
3748,SITE_950
5252,SITE_1122
5069,SITE_1173
2201,SITE_986
27,SITE_1071
4408,SITE_214
1668,SITE_642
4859,SITE_913
4562,SITE_943
4691,SITE_1055
3102,SITE_148
2990,SITE_55
5266,SITE_1094
2072,SITE_1086
1125,SITE_783
2934,SITE_1146
1052,SITE_415
3604,SITE_901
4039,SITE_300
3171,SITE_655
120,SITE_580
4618,SITE_694
4954,SITE_645
1326,SITE_916
5251,SITE_1122
2873,SITE_980
1746,SITE_259
2821,SITE_396
13,SITE_1073
2157,SITE_1008
1831,SITE_93
3905,SITE_230
4228,SITE_963
3196,SITE_1155
2463,SITE_1107
3896,SITE_471
1602,SITE_637
628,SITE_942
811,SITE_1082
485,SITE_820
545,SITE_7
2552,SITE_690
4883,SITE_274
1460,SITE_433
226,SITE_277
708,SITE_685
2450,SITE_71
4434,SITE_406
1814,SITE_425
4458,SITE_1098
4355,SITE_548
5169,SITE_1140
4208,SITE_290
4685,SITE_596
3779,SITE_777
5061,SITE_600
602,SITE_75
2719,SITE_1168
4454,SITE_616
455,SITE_704
4178,SITE_641
1896,SITE_514
4880,SITE_1205
2304,SITE_1062
435,SITE_1175
1736,SITE_559
2997,SITE_72
2465,SITE_1107
3277,SITE_273
2507,SITE_29
2434,SITE_510
2000,SITE_1064
4075,SITE_111
1028,SITE_829
2867,SITE_991
719,SITE_63
3389,SITE_464
1209,SITE_848
3707,SITE_1057
3935,SITE_48
960,SITE_854
909,SITE_963
368,SITE_588
1793,SITE_1123
5099,SITE_826
599,SITE_1214
885,SITE_628
5045,SITE_639
3727,SITE_936
3889,SITE_985
1367,SITE_346
4350,SITE_38
3469,SITE_65
4346,SITE_38
3887,SITE_985
2689,SITE_1028
5293,SITE_248
4616,SITE_1078
1508,SITE_564
240,SITE_1083
4947,SITE_921
2624,SITE_492
287,SITE_213
3447,SITE_1018
5201,SITE_1018
2744,SITE_758
1395,SITE_960
4728,SITE_565
2024,SITE_54
3859,SITE_1033
2545,SITE_566
1626,SITE_658
3942,SITE_387
2345,SITE_785
4810,SITE_703
5273,SITE_150
2255,SITE_157
5051,SITE_381
4083,SITE_758
2869,SITE_980
3413,SITE_25
5159,SITE_543
2532,SITE_904
4182,SITE_21
4518,SITE_115
4366,SITE_421
932,SITE_854
2589,SITE_1111
536,SITE_172
1225,SITE_734
1510,SITE_572
4905,SITE_1221
121,SITE_391
5070,SITE_411
2715,SITE_20
2722,SITE_773
5181,SITE_231
3166,SITE_165
3137,SITE_468
2412,SITE_1092
1112,SITE_192
825,SITE_151
5189,SITE_809
951,SITE_1230
807,SITE_264
91,SITE_611
1905,SITE_1030
4668,SITE_1238
826,SITE_918
2741,SITE_111
3701,SITE_858
1488,SITE_230
4153,SITE_454
1484,SITE_101
974,SITE_915
4437,SITE_536
12,SITE_513
3854,SITE_291
661,SITE_1025
3110,SITE_423
763,SITE_1049
1708,SITE_594
1875,SITE_1087
3904,SITE_78
3802,SITE_389
3732,SITE_492
779,SITE_155
4874,SITE_847
4567,SITE_385
4079,SITE_972
4763,SITE_853
161,SITE_807
4114,SITE_403
5156,SITE_352
1825,SITE_762
5303,SITE_350
5245,SITE_514
4102,SITE_178
5337,SITE_388
2130,SITE_851
944,SITE_357
1409,SITE_1229
1087,SITE_707
3078,SITE_1026
5120,SITE_256
2287,SITE_780
2857,SITE_120
2068,SITE_818
4244,SITE_1043
4722,SITE_334
1127,SITE_429
333,SITE_934
1776,SITE_229
4784,SITE_171
483,SITE_820
2683,SITE_1015
3508,SITE_557
5241,SITE_514
5309,SITE_804
4513,SITE_796
1314,SITE_82
3287,SITE_1179
1319,SITE_19
2047,SITE_887
1716,SITE_568
1605,SITE_22
5227,SITE_217
1048,SITE_998
155,SITE_587
4740,SITE_1034
2440,SITE_886
1239,SITE_736
2144,SITE_237
3837,SITE_843
1853,SITE_323
4010,SITE_63
4419,SITE_833
666,SITE_435
650,SITE_1226
4477,SITE_238
3557,SITE_110
1884,SITE_757
1989,SITE_1108
2277,SITE_1076
2872,SITE_295
3520,SITE_615
653,SITE_1226
3578,SITE_1040
1014,SITE_185
3554,SITE_804
4056,SITE_340
3126,SITE_940
571,SITE_898
4336,SITE_1085
631,SITE_618
3454,SITE_876
2056,SITE_894
3613,SITE_73
4493,SITE_1090
360,SITE_948
1258,SITE_907
1710,SITE_89
5324,SITE_263
3397,SITE_543
2955,SITE_53
4171,SITE_1237
1972,SITE_342
3767,SITE_52
2539,SITE_1135
5304,SITE_350
1120,SITE_488
1981,SITE_224
3025,SITE_847
3918,SITE_230
1268,SITE_841
4739,SITE_254
459,SITE_529
981,SITE_586
2198,SITE_1045
3408,SITE_874
2813,SITE_560
4593,SITE_1
1801,SITE_487
4749,SITE_564
4462,SITE_976
2924,SITE_958
2645,SITE_137
4258,SITE_1110
3445,SITE_1018
1677,SITE_663
4490,SITE_941
3841,SITE_328
4827,SITE_1051
178,SITE_227
1787,SITE_583
926,SITE_706
1759,SITE_574
1498,SITE_924
2454,SITE_982
3067,SITE_648
4195,SITE_168
428,SITE_70
1079,SITE_656
5339,SITE_88
2316,SITE_349
4168,SITE_91
2962,SITE_1231
3219,SITE_204
76,SITE_305
1350,SITE_118
1573,SITE_1228
5076,SITE_36
3596,SITE_1111
1372,SITE_517
697,SITE_1228
1368,SITE_346
1662,SITE_950
1457,SITE_476
3481,SITE_217
4386,SITE_558
3418,SITE_1140
3663,SITE_312
3686,SITE_1054
2751,SITE_1027
3894,SITE_555
2588,SITE_1111
1032,SITE_126
2414,SITE_99
1412,SITE_1200
1565,SITE_1210
2084,SITE_670
4138,SITE_897
1731,SITE_937
3077,SITE_131
2117,SITE_529
321,SITE_54
4821,SITE_1038
1438,SITE_135
4160,SITE_426
1865,SITE_167
1324,SITE_786
4082,SITE_758
5327,SITE_1190
2466,SITE_6
1246,SITE_2
5208,SITE_1106
460,SITE_432
68,SITE_778
5325,SITE_103
1140,SITE_296
3146,SITE_651
4669,SITE_1238
2406,SITE_905
5025,SITE_453
1353,SITE_909
3851,SITE_1148
5154,SITE_352
4110,SITE_481
3072,SITE_451
2731,SITE_1024
913,SITE_951
956,SITE_419
2165,SITE_24
3519,SITE_615
425,SITE_404
4314,SITE_229
937,SITE_1206
908,SITE_963
2235,SITE_962
135,SITE_634
166,SITE_896
445,SITE_253
331,SITE_934
5038,SITE_534
2121,SITE_432
4724,SITE_662
4270,SITE_696
559,SITE_121
3514,SITE_1122
292,SITE_765
2298,SITE_880
3227,SITE_355
3154,SITE_1185
3746,SITE_369
2586,SITE_508
5117,SITE_1029
5319,SITE_889
299,SITE_473
2239,SITE_942
487,SITE_237
694,SITE_805
4626,SITE_959
3818,SITE_1000
3946,SITE_1174
4069,SITE_512
2158,SITE_1008
1440,SITE_727
2281,SITE_142
663,SITE_435
1411,SITE_1200
1842,SITE_1103
2243,SITE_519
4697,SITE_1143
2347,SITE_683
1686,SITE_516
3901,SITE_422
3831,SITE_772
2046,SITE_887
4007,SITE_443
1559,SITE_808
415,SITE_670
3512,SITE_929
2280,SITE_1076
2931,SITE_497
151,SITE_1188
300,SITE_765
1141,SITE_296
2535,SITE_1081
4900,SITE_414
900,SITE_11
2725,SITE_900
4667,SITE_294
1050,SITE_631
4140,SITE_287
652,SITE_1226
1265,SITE_721
94,SITE_611
1430,SITE_751
4573,SITE_267
1260,SITE_907
4169,SITE_1237
1838,SITE_30
3549,SITE_350
5074,SITE_411
3530,SITE_372
2580,SITE_874
5318,SITE_889
5313,SITE_110
2425,SITE_572
1847,SITE_1205
473,SITE_460
3109,SITE_423
4292,SITE_251
4502,SITE_186
3127,SITE_940
4600,SITE_397
1683,SITE_516
1200,SITE_1131
1233,SITE_175
3771,SITE_688
1711,SITE_89
3344,SITE_609
3328,SITE_1048
1366,SITE_346
326,SITE_162
1403,SITE_719
5288,SITE_108
3700,SITE_858
70,SITE_1093
5283,SITE_1011
2681,SITE_1015
4738,SITE_254
1542,SITE_460
431,SITE_15
2859,SITE_412
1669,SITE_642
269,SITE_877
389,SITE_127
1868,SITE_1147
2642,SITE_1006
2814,SITE_540
3129,SITE_921
4028,SITE_109
4457,SITE_1098
3086,SITE_767
3002,SITE_672
610,SITE_1159
810,SITE_1082
1548,SITE_716
2137,SITE_820
4551,SITE_295
2054,SITE_427
176,SITE_326
2342,SITE_707
520,SITE_816
1333,SITE_402
2913,SITE_1078
3414,SITE_25
294,SITE_1064
1560,SITE_808
1002,SITE_771
2163,SITE_24
3461,SITE_268
1381,SITE_374
4809,SITE_703
3809,SITE_593
3792,SITE_1195
1513,SITE_191
5148,SITE_852
4630,SITE_362
2709,SITE_262
1176,SITE_197
25,SITE_1071
3473,SITE_775
4294,SITE_251
729,SITE_604
4446,SITE_363
4788,SITE_143
4382,SITE_754
1033,SITE_126
1856,SITE_661
324,SITE_123
4481,SITE_104
5160,SITE_793
1604,SITE_22
3919,SITE_744
3443,SITE_356
5281,SITE_80
4485,SITE_868
3387,SITE_464
202,SITE_128
3487,SITE_728
2262,SITE_1201
2901,SITE_246
3186,SITE_859
1464,SITE_373
2368,SITE_538
101,SITE_624
3730,SITE_571
2256,SITE_1060
1161,SITE_781
574,SITE_1194
3969,SITE_1168
4478,SITE_238
501,SITE_955
5187,SITE_809
3815,SITE_599
2393,SITE_61
910,SITE_349
72,SITE_778
355,SITE_166
1088,SITE_107
4789,SITE_143
1674,SITE_593
5017,SITE_949
2807,SITE_266
1533,SITE_592
3785,SITE_846
2710,SITE_262
1696,SITE_595
71,SITE_1093
3488,SITE_728
165,SITE_134
1309,SITE_1052
794,SITE_480
4818,SITE_371
4625,SITE_747
2217,SITE_1077
2835,SITE_26
2291,SITE_12
2740,SITE_1154
2113,SITE_704
1695,SITE_510
247,SITE_1058
4785,SITE_171
2035,SITE_988
2772,SITE_221
298,SITE_473
14,SITE_399
3753,SITE_141
3023,SITE_847
2408,SITE_1128
5316,SITE_271
3248,SITE_322
1596,SITE_1203
5133,SITE_1224
4503,SITE_850
1657,SITE_710
3895,SITE_555
5211,SITE_477
1616,SITE_317
3813,SITE_593
3552,SITE_1212
2961,SITE_1231
3097,SITE_148
309,SITE_182
4726,SITE_662
1294,SITE_502
3892,SITE_1204
2978,SITE_466
4884,SITE_1205
2403,SITE_106
4803,SITE_408
2860,SITE_412
4326,SITE_509
2228,SITE_626
693,SITE_1228
250,SITE_59
2370,SITE_538
55,SITE_902
3128,SITE_920
1363,SITE_370
4137,SITE_897
664,SITE_435
1980,SITE_619
857,SITE_132
1390,SITE_823
867,SITE_1067
175,SITE_326
2290,SITE_12
4120,SITE_430
3561,SITE_647
1156,SITE_756
461,SITE_432
248,SITE_1058
4934,SITE_1013
3698,SITE_277
3769,SITE_52
3145,SITE_651
352,SITE_184
4005,SITE_173
205,SITE_766
4020,SITE_731
2942,SITE_327
2429,SITE_418
3957,SITE_594
2663,SITE_520
5292,SITE_248
2221,SITE_1159
4862,SITE_856
1153,SITE_869
2585,SITE_508
209,SITE_64
4746,SITE_1231
2830,SITE_1081
1040,SITE_81
4085,SITE_499
1670,SITE_642
1952,SITE_712
2817,SITE_560
4605,SITE_953
2915,SITE_1078
441,SITE_360
4845,SITE_458
3005,SITE_913
3825,SITE_1046
1046,SITE_631
3214,SITE_1167
841,SITE_138
3572,SITE_513
1234,SITE_175
2140,SITE_1107
4409,SITE_214
4552,SITE_531
110,SITE_1022
1188,SITE_47
1182,SITE_1141
2693,SITE_1028
3275,SITE_273
1509,SITE_564
3203,SITE_1002
3140,SITE_645
1075,SITE_623
809,SITE_918
2960,SITE_49
3981,SITE_1036
329,SITE_934
1775,SITE_229
3537,SITE_881
4158,SITE_759
2639,SITE_764
4793,SITE_545
1501,SITE_924
1229,SITE_210
3870,SITE_589
2994,SITE_55
447,SITE_253
4127,SITE_925
5161,SITE_793
1986,SITE_224
2471,SITE_142
5055,SITE_1087
2547,SITE_260
2359,SITE_207
839,SITE_439
2114,SITE_704
467,SITE_873
4742,SITE_1034
3043,SITE_1074
3048,SITE_413
3910,SITE_392
2383,SITE_47
1635,SITE_905
3189,SITE_668
3105,SITE_864
684,SITE_447
5338,SITE_376
3999,SITE_652
4466,SITE_733
1597,SITE_637
879,SITE_420
2620,SITE_571
3652,SITE_957
3728,SITE_571
3394,SITE_5
4816,SITE_1139
5118,SITE_1029
4207,SITE_933
3170,SITE_655
5024,SITE_453
4261,SITE_105
819,SITE_340
147,SITE_634
5021,SITE_191
5078,SITE_411
2519,SITE_752
2042,SITE_1099
612,SITE_626
2708,SITE_732
3442,SITE_356
992,SITE_750
2766,SITE_1161
2484,SITE_61
3318,SITE_826
198,SITE_280
1969,SITE_619
5039,SITE_534
2611,SITE_79
2014,SITE_100
1676,SITE_593
3661,SITE_312
4902,SITE_398
1435,SITE_723
682,SITE_700
3252,SITE_639
1531,SITE_973
4202,SITE_559
1109,SITE_521
216,SITE_709
2363,SITE_526
4251,SITE_1207
1490,SITE_230
3181,SITE_608
3435,SITE_1199
3605,SITE_901
1555,SITE_424
853,SITE_761
949,SITE_431
1138,SITE_899
3450,SITE_306
848,SITE_211
4830,SITE_30
2032,SITE_988
4855,SITE_672
1436,SITE_723
2371,SITE_538
3650,SITE_83
5082,SITE_691
993,SITE_750
3765,SITE_724
2141,SITE_237
3019,SITE_469
1174,SITE_1141
1181,SITE_1072
4913,SITE_1026
89,SITE_341
2324,SITE_367
3001,SITE_672
1795,SITE_406
1802,SITE_487
3764,SITE_724
1100,SITE_188
562,SITE_234
2515,SITE_1142
3679,SITE_755
4143,SITE_1144
3440,SITE_416
3494,SITE_452
4151,SITE_1234
692,SITE_90
2742,SITE_111
4792,SITE_494
4325,SITE_509
2849,SITE_115
1652,SITE_282
1192,SITE_316
3254,SITE_639
4395,SITE_993
4895,SITE_660
1917,SITE_778
4578,SITE_1164
1226,SITE_734
632,SITE_618
396,SITE_1112
5042,SITE_322
3739,SITE_375
4871,SITE_469
3085,SITE_767
876,SITE_649
724,SITE_225
4638,SITE_364
3037,SITE_274
4802,SITE_408
4086,SITE_499
1889,SITE_1106
2986,SITE_458
5043,SITE_639
4942,SITE_195
4438,SITE_924
1424,SITE_795
4561,SITE_1192
4215,SITE_215
2657,SITE_843
3788,SITE_1196
3629,SITE_247
179,SITE_227
215,SITE_709
3608,SITE_902
1827,SITE_93
1870,SITE_753
2647,SITE_275
1893,SITE_514
2213,SITE_255
4070,SITE_512
3495,SITE_452
2862,SITE_500
2214,SITE_75
2344,SITE_707
3432,SITE_983
2879,SITE_943
669,SITE_1076
2458,SITE_298
3470,SITE_65
3956,SITE_594
3076,SITE_451
1384,SITE_445
2944,SITE_327
780,SITE_239
3044,SITE_1074
2659,SITE_291
2037,SITE_934
2449,SITE_71
5317,SITE_865
3625,SITE_1186
2896,SITE_710
1659,SITE_569
870,SITE_450
2392,SITE_848
924,SITE_496
85,SITE_341
1849,SITE_323
3449,SITE_306
124,SITE_957
706,SITE_652
1583,SITE_854
1228,SITE_210
4418,SITE_833
2119,SITE_529
3319,SITE_826
3029,SITE_417
107,SITE_705
1973,SITE_619
1984,SITE_224
1308,SITE_1052
878,SITE_649
3796,SITE_622
2373,SITE_1141
4093,SITE_504
4838,SITE_30
1680,SITE_663
2530,SITE_289
36,SITE_1208
4150,SITE_1234
5248,SITE_929
3665,SITE_644
582,SITE_1045
1362,SITE_370
3162,SITE_165
4431,SITE_394
2598,SITE_1142
5257,SITE_870
2993,SITE_170
3212,SITE_1153
5085,SITE_344
2790,SITE_1068
544,SITE_7
4990,SITE_859
772,SITE_1240
4570,SITE_550
3345,SITE_609
1486,SITE_230
4692,SITE_1055
1592,SITE_1203
4993,SITE_668
2077,SITE_522
2808,SITE_266
2762,SITE_21
1151,SITE_756
4465,SITE_733
5110,SITE_400
3324,SITE_1048
2770,SITE_409
2658,SITE_843
277,SITE_1108
1301,SITE_338
3267,SITE_917
1259,SITE_907
2826,SITE_904
439,SITE_360
3863,SITE_821
936,SITE_1206
2215,SITE_75
4620,SITE_694
1015,SITE_146
4277,SITE_908
3547,SITE_787
5183,SITE_1121
1047,SITE_998
104,SITE_68
286,SITE_213
2795,SITE_875
2011,SITE_182
4176,SITE_332
4303,SITE_183
917,SITE_990
4516,SITE_115
806,SITE_264
1067,SITE_436
4976,SITE_576
4112,SITE_623
4535,SITE_304
2126,SITE_748
492,SITE_1223
1160,SITE_781
3118,SITE_195
2339,SITE_278
4601,SITE_397
3597,SITE_179
3970,SITE_1168
2886,SITE_550
2605,SITE_858
3671,SITE_1188
506,SITE_24
1996,SITE_410
450,SITE_253
2261,SITE_1226
4216,SITE_290
4525,SITE_120
1798,SITE_406
3703,SITE_1057
3251,SITE_446
4427,SITE_37
3340,SITE_1037
859,SITE_439
1091,SITE_1019
968,SITE_1136
4936,SITE_323
1888,SITE_1106
2422,SITE_806
4379,SITE_31
3132,SITE_920
4392,SITE_196
4264,SITE_235
3174,SITE_655
2139,SITE_820
2855,SITE_1182
2206,SITE_867
458,SITE_529
4614,SITE_1078
718,SITE_443
912,SITE_951
3263,SITE_381
3708,SITE_222
4356,SITE_548
3967,SITE_20
118,SITE_83
2031,SITE_988
3459,SITE_477
1321,SITE_19
5239,SITE_1198
2803,SITE_113
2226,SITE_626
1529,SITE_765
1621,SITE_727
2701,SITE_603
680,SITE_12
2553,SITE_690
1747,SITE_259
2512,SITE_250
651,SITE_1226
1172,SITE_249
137,SITE_312
3239,SITE_1075
2711,SITE_262
2593,SITE_1142
108,SITE_705
3274,SITE_273
285,SITE_213
1389,SITE_353
2071,SITE_1086
773,SITE_300
4241,SITE_527
959,SITE_367
1349,SITE_909
1274,SITE_208
2802,SITE_113
1355,SITE_720
2877,SITE_1192
4899,SITE_414
3941,SITE_387
843,SITE_439
440,SITE_360
2090,SITE_404
4568,SITE_550
3693,SITE_709
1327,SITE_916
576,SITE_1194
1193,SITE_212
2674,SITE_985
2365,SITE_429
211,SITE_1084
728,SITE_604
4995,SITE_1155
3523,SITE_870
4222,SITE_517
1344,SITE_348
1061,SITE_77
217,SITE_709
1124,SITE_783
3311,SITE_935
4989,SITE_859
1074,SITE_311
3843,SITE_220
715,SITE_685
126,SITE_957
3074,SITE_451
2514,SITE_1142
2218,SITE_1077
2209,SITE_255
3350,SITE_17
4805,SITE_507
3107,SITE_1013
2461,SITE_702
5029,SITE_167
3192,SITE_1155
1085,SITE_707
4401,SITE_1123
5027,SITE_167
4271,SITE_428
557,SITE_121
1997,SITE_410
5253,SITE_865
3528,SITE_1177
2596,SITE_1080
5230,SITE_728
6,SITE_1073
2676,SITE_752
5096,SITE_310
2932,SITE_1146
1786,SITE_583
4975,SITE_655
3659,SITE_205
593,SITE_1069
4894,SITE_763
2063,SITE_588
4306,SITE_199
4557,SITE_1192
4528,SITE_412
639,SITE_888
4937,SITE_423
4611,SITE_180
4108,SITE_415
2566,SITE_446
5258,SITE_870
2579,SITE_874
4935,SITE_1013
141,SITE_644
468,SITE_873
182,SITE_782
262,SITE_563
4713,SITE_164
498,SITE_1008
3486,SITE_1126
2082,SITE_670
5220,SITE_65
2452,SITE_181
4547,SITE_1091
1744,SITE_259
1122,SITE_1165
4510,SITE_796
2569,SITE_250
2036,SITE_934
2127,SITE_873
3087,SITE_767
4006,SITE_443
1276,SITE_208
1293,SITE_502
1818,SITE_493
5310,SITE_804
2900,SITE_246
3094,SITE_693
5028,SITE_167
199,SITE_1187
4389,SITE_470
2038,SITE_934
2621,SITE_571
5089,SITE_1048
1361,SITE_370
4131,SITE_97
3873,SITE_516
2833,SITE_26
3829,SITE_952
264,SITE_563
3269,SITE_917
3775,SITE_40
1171,SITE_249
770,SITE_1240
2171,SITE_1183
4297,SITE_597
1521,SITE_865
3673,SITE_587
3429,SITE_809
4209,SITE_259
3422,SITE_231
2735,SITE_258
2587,SITE_1111
4572,SITE_267
1835,SITE_480
3985,SITE_1024
2164,SITE_24
4948,SITE_921
4173,SITE_27
303,SITE_699
3462,SITE_268
236,SITE_1083
3723,SITE_1166
5003,SITE_191
1503,SITE_572
3155,SITE_1185
2653,SITE_772
709,SITE_632
283,SITE_213
2196,SITE_1045
3872,SITE_589
2671,SITE_752
1299,SITE_465
4406,SITE_1233
3878,SITE_979
4930,SITE_864
1772,SITE_229
563,SITE_234
2665,SITE_589
1000,SITE_200
37,SITE_1208
3734,SITE_1171
427,SITE_70
3583,SITE_448
1337,SITE_319
2597,SITE_1080
3959,SITE_390
2890,SITE_267
2668,SITE_1004
850,SITE_211
4096,SITE_750
2135,SITE_794
2092,SITE_70
29,SITE_448
2350,SITE_1172
5203,SITE_306
3817,SITE_593
3670,SITE_1188
1429,SITE_751
711,SITE_632
207,SITE_64
5280,SITE_80
3382,SITE_838
5213,SITE_268
4313,SITE_530
4339,SITE_1211
4734,SITE_1145
4833,SITE_1220
1227,SITE_741
3246,SITE_322
3534,SITE_150
1660,SITE_569
1304,SITE_995
3770,SITE_688
3677,SITE_134
4383,SITE_754
3559,SITE_110
1379,SITE_374
931,SITE_1130
3691,SITE_1084
3951,SITE_1089
5063,SITE_1087
2389,SITE_1131
4238,SITE_95
3548,SITE_350
5233,SITE_452
4459,SITE_487
2357,SITE_906
4199,SITE_1072
4125,SITE_606
1516,SITE_191
4424,SITE_824
4813,SITE_544
548,SITE_226
3301,SITE_36
1303,SITE_338
2823,SITE_470
4351,SITE_882
4246,SITE_1043
1816,SITE_425
3842,SITE_220
940,SITE_1158
225,SITE_277
5190,SITE_983
1472,SITE_119
1418,SITE_302
1571,SITE_1228
256,SITE_712
1448,SITE_806
3169,SITE_655
5333,SITE_265
3847,SITE_351
3300,SITE_36
2376,SITE_1141
4338,SITE_1085
4470,SITE_154
4519,SITE_115
2550,SITE_920
1945,SITE_1083
504,SITE_716
1891,SITE_1106
3751,SITE_219
4673,SITE_546
2644,SITE_137
1147,SITE_1203
4371,SITE_177
4482,SITE_791
3033,SITE_417
601,SITE_1214
4769,SITE_1053
3974,SITE_900
3875,SITE_377
5218,SITE_811
727,SITE_1215
702,SITE_789
2491,SITE_886
5249,SITE_514
138,SITE_312
4762,SITE_853
943,SITE_357
4589,SITE_1
2537,SITE_1081
4946,SITE_921
1777,SITE_229
308,SITE_182
1446,SITE_831
3612,SITE_73
2353,SITE_654
2796,SITE_875
3544,SITE_248
97,SITE_938
4385,SITE_558
1397,SITE_960
2555,SITE_440
2023,SITE_54
3989,SITE_1024
1806,SITE_186
1203,SITE_637
3004,SITE_913
156,SITE_587
3229,SITE_547
2252,SITE_157
5141,SITE_333
1271,SITE_743
1811,SITE_304
401,SITE_971
1758,SITE_574
4172,SITE_27
2207,SITE_867
5116,SITE_1029
30,SITE_448
2876,SITE_1192
4943,SITE_940
5086,SITE_988
2231,SITE_601
4461,SITE_976
791,SITE_480
1398,SITE_218
4533,SITE_500
1740,SITE_933
543,SITE_7
2517,SITE_752
5064,SITE_1179
4534,SITE_500
1461,SITE_1039
4378,SITE_31
700,SITE_537
1400,SITE_218
3848,SITE_351
4712,SITE_800
1165,SITE_462
4109,SITE_415
4399,SITE_472
218,SITE_872
500,SITE_1008
3244,SITE_446
1522,SITE_865
4794,SITE_545
2138,SITE_820
258,SITE_712
925,SITE_496
586,SITE_986
3510,SITE_557
747,SITE_1062
5260,SITE_1177
2306,SITE_155
325,SITE_162
4522,SITE_1182
4074,SITE_158
1968,SITE_563
855,SITE_439
140,SITE_644
1768,SITE_908
4283,SITE_607
3062,SITE_398
759,SITE_1178
4945,SITE_940
640,SITE_888
1714,SITE_89
4343,SITE_380
4670,SITE_1238
2016,SITE_1209
4101,SITE_178
1286,SITE_1134
4950,SITE_468
1982,SITE_224
4870,SITE_469
2145,SITE_237
2752,SITE_1027
2640,SITE_764
1664,SITE_950
3431,SITE_983
5265,SITE_18
4031,SITE_1049
4671,SITE_546
4985,SITE_608
4290,SITE_1217
4505,SITE_850
1520,SITE_865
2233,SITE_577
4622,SITE_694
5198,SITE_356
5277,SITE_881
3937,SITE_610
3571,SITE_513
1933,SITE_227
5004,SITE_650
3980,SITE_1036
3997,SITE_173
2695,SITE_1133
5002,SITE_1002
4956,SITE_651
4811,SITE_703
4842,SITE_613
1789,SITE_1123
555,SITE_1014
714,SITE_632
1468,SITE_119
4115,SITE_1001
2143,SITE_237
3801,SITE_389
4033,SITE_822
1017,SITE_969
547,SITE_226
1748,SITE_259
1483,SITE_101
2245,SITE_888
4141,SITE_287
4929,SITE_864
920,SITE_770
4191,SITE_462
2527,SITE_395
1534,SITE_592
1837,SITE_30
4538,SITE_991
5012,SITE_1167
3060,SITE_414
1166,SITE_1141
535,SITE_172
971,SITE_189
2940,SITE_1143
2175,SITE_6
621,SITE_577
4443,SITE_152
2958,SITE_49
3840,SITE_328
592,SITE_119
4054,SITE_1059
821,SITE_340
3296,SITE_769
2326,SITE_200
1300,SITE_465
2489,SITE_41
1617,SITE_317
3441,SITE_356
2631,SITE_383
128,SITE_1232
1157,SITE_284
1224,SITE_734
4658,SITE_817
3819,SITE_1000
5261,SITE_1177
691,SITE_90
3363,SITE_1029
4781,SITE_1197
1255,SITE_653
1612,SITE_734
2667,SITE_589
2299,SITE_880
2985,SITE_458
521,SITE_816
4542,SITE_304
3161,SITE_930
1628,SITE_523
2570,SITE_365
257,SITE_712
1297,SITE_203
4994,SITE_1155
229,SITE_1132
1566,SITE_1210
3515,SITE_1122
4011,SITE_63
1059,SITE_481
1876,SITE_1087
845,SITE_335
2238,SITE_942
5270,SITE_372
3272,SITE_917
4619,SITE_694
4868,SITE_684
2230,SITE_601
997,SITE_836
4837,SITE_236
789,SITE_480
4436,SITE_536
2746,SITE_758
1201,SITE_1131
2601,SITE_755
860,SITE_989
3945,SITE_1174
3566,SITE_575
359,SITE_948
4968,SITE_930
1940,SITE_128
3264,SITE_381
3533,SITE_150
2933,SITE_1146
4239,SITE_95
3367,SITE_256
4298,SITE_542
4293,SITE_251
4889,SITE_413
1712,SITE_89
1325,SITE_916
1336,SITE_673
1097,SITE_1172
1240,SITE_736
2475,SITE_785
418,SITE_701
1881,SITE_757
1665,SITE_950
1579,SITE_854
817,SITE_918
799,SITE_155
3704,SITE_1057
4596,SITE_384
1640,SITE_884
1295,SITE_203
2771,SITE_221
4139,SITE_287
3606,SITE_1115
3088,SITE_678
3912,SITE_595
3331,SITE_664
2456,SITE_982
1859,SITE_949
5291,SITE_248
4320,SITE_42
419,SITE_701
5340,SITE_575
922,SITE_770
3179,SITE_608
1489,SITE_230
4142,SITE_1144
5121,SITE_256
3144,SITE_645
1623,SITE_727
1578,SITE_854
1039,SITE_81
1359,SITE_56
476,SITE_851
3243,SITE_534
3684,SITE_1054
3581,SITE_1071
1985,SITE_224
5084,SITE_344
4517,SITE_115
3742,SITE_307
3474,SITE_775
1311,SITE_722
338,SITE_1099
2464,SITE_1107
1257,SITE_653
939,SITE_1158
3307,SITE_935
5049,SITE_381
4750,SITE_94
856,SITE_132
2444,SITE_886
4553,SITE_66
3265,SITE_381
5284,SITE_1011
4815,SITE_1139
3631,SITE_247
2853,SITE_1182
4656,SITE_698
4013,SITE_233
1249,SITE_366
979,SITE_586
20,SITE_1073
432,SITE_15
3543,SITE_248
2610,SITE_1057
3990,SITE_89
3055,SITE_414
1681,SITE_663
4097,SITE_504
2692,SITE_975
5093,SITE_664
4918,SITE_767
4604,SITE_953
5186,SITE_757
2842,SITE_87
3713,SITE_59
3600,SITE_901
4187,SITE_1161
2533,SITE_904
2938,SITE_325
4196,SITE_168
3603,SITE_901
1543,SITE_460
3332,SITE_664
1792,SITE_1123
3759,SITE_279
393,SITE_127
775,SITE_300
4221,SITE_517
5332,SITE_125
35,SITE_810
3575,SITE_399
969,SITE_1136
1451,SITE_840
67,SITE_112
741,SITE_1105
2355,SITE_906
407,SITE_321
2095,SITE_15
4174,SITE_27
1826,SITE_762
499,SITE_1008
987,SITE_666
3116,SITE_195
2136,SITE_1107
3754,SITE_141
1051,SITE_415
769,SITE_822
437,SITE_58
3039,SITE_274
1906,SITE_345
163,SITE_134
4799,SITE_314
24,SITE_1073
3992,SITE_130
3223,SITE_605
3302,SITE_36
2652,SITE_275
1760,SITE_574
589,SITE_1170
4597,SITE_384
646,SITE_1060
3570,SITE_513
1704,SITE_48
4963,SITE_739
1753,SITE_215
4204,SITE_559
2926,SITE_946
2506,SITE_29
2388,SITE_1131
133,SITE_124
5092,SITE_664
2906,SITE_384
5115,SITE_169
4808,SITE_564
4012,SITE_233
1846,SITE_1205
414,SITE_1149
1211,SITE_51
3262,SITE_381
3756,SITE_156
3046,SITE_413
906,SITE_349
2227,SITE_626
3745,SITE_369
4476,SITE_238
2358,SITE_207
2696,SITE_1133
4580,SITE_1164
1630,SITE_658
1089,SITE_107
1428,SITE_751
1110,SITE_1042
434,SITE_1175
2003,SITE_473
2511,SITE_250
958,SITE_367
903,SITE_674
600,SITE_1214
991,SITE_750
65,SITE_112
4100,SITE_602
3876,SITE_377
1567,SITE_1210
3313,SITE_691
3507,SITE_557
4373,SITE_378
705,SITE_652
4628,SITE_959
244,SITE_153
4265,SITE_665
484,SITE_820
1975,SITE_877
1649,SITE_313
3330,SITE_664
3782,SITE_784
3982,SITE_1036
5275,SITE_881
1058,SITE_481
3806,SITE_764
1163,SITE_462
1347,SITE_379
3175,SITE_690
4095,SITE_750
4723,SITE_762
2362,SITE_526
1782,SITE_583
4531,SITE_500
558,SITE_121
1927,SITE_634
5320,SITE_889
3294,SITE_365
92,SITE_611
4116,SITE_1101
641,SITE_888
1836,SITE_30
3391,SITE_852
2420,SITE_806
4331,SITE_444
1134,SITE_964
1979,SITE_877
4849,SITE_170
4612,SITE_180
3038,SITE_274
2510,SITE_457
4735,SITE_1145
887,SITE_745
846,SITE_335
1143,SITE_1203
5106,SITE_245
5168,SITE_25
1925,SITE_580
1557,SITE_424
412,SITE_1149
5165,SITE_585
1658,SITE_569
66,SITE_112
3926,SITE_102
2193,SITE_1194
2660,SITE_291
4524,SITE_1182
319,SITE_54
57,SITE_73
3524,SITE_870
4725,SITE_662
3610,SITE_1115
290,SITE_410
1177,SITE_197
4308,SITE_978
5182,SITE_757
3994,SITE_789
452,SITE_704
1266,SITE_721
4321,SITE_42
5243,SITE_557
220,SITE_801
1767,SITE_908
228,SITE_872
2028,SITE_123
377,SITE_818
5127,SITE_1109
263,SITE_563
5336,SITE_1120
1526,SITE_765
953,SITE_1230
1318,SITE_483
1098,SITE_1172
4263,SITE_235
1666,SITE_950
4483,SITE_791
4435,SITE_536
114,SITE_455
4269,SITE_696
373,SITE_818
4364,SITE_74
4305,SITE_199
1289,SITE_114
2240,SITE_942
2293,SITE_447
2522,SITE_29
5077,SITE_36
3718,SITE_79
1730,SITE_1009
5254,SITE_615
1494,SITE_290
1341,SITE_909
1987,SITE_1108
3108,SITE_1013
3987,SITE_1024
2043,SITE_1099
1724,SITE_1001
4508,SITE_87
2768,SITE_409
4166,SITE_91
3640,SITE_938
2309,SITE_839
3615,SITE_73
683,SITE_447
134,SITE_124
805,SITE_1021
4441,SITE_1193
3323,SITE_826
2954,SITE_710
3996,SITE_789
4831,SITE_1220
3197,SITE_690
1454,SITE_1151
4878,SITE_417
3643,SITE_624
3337,SITE_1037
5206,SITE_876
1990,SITE_213
3830,SITE_772
1135,SITE_964
2774,SITE_313
4413,SITE_1189
1196,SITE_735
201,SITE_1187
3518,SITE_615
4698,SITE_327
4484,SITE_791
2863,SITE_500
1729,SITE_1009
3760,SITE_279
374,SITE_818
603,SITE_75
1993,SITE_213
1754,SITE_215
3121,SITE_920
5090,SITE_1048
410,SITE_522
1910,SITE_103
3676,SITE_755
750,SITE_667
231,SITE_1132
4555,SITE_66
833,SITE_463
1232,SITE_317
594,SITE_1069
3669,SITE_644
1187,SITE_47
2177,SITE_297
5113,SITE_169
172,SITE_198
4851,SITE_72
3052,SITE_660
5075,SITE_36
873,SITE_1010
5157,SITE_543
4329,SITE_1239
1008,SITE_489
4986,SITE_608
4836,SITE_236
3929,SITE_1133
2894,SITE_1164
1808,SITE_186
1219,SITE_22
2150,SITE_50
2941,SITE_1143
2173,SITE_1183
1197,SITE_735
339,SITE_1099
40,SITE_479
2889,SITE_1119
4499,SITE_34
3393,SITE_852
363,SITE_894
515,SITE_554
4129,SITE_925
4149,SITE_1234
4820,SITE_371
1178,SITE_1141
814,SITE_708
17,SITE_399
2446,SITE_345
2923,SITE_958
756,SITE_1129
4897,SITE_660
2472,SITE_839
1755,SITE_574
1688,SITE_516
528,SITE_590
4352,SITE_882
2812,SITE_882
376,SITE_818
1496,SITE_290
2305,SITE_839
3777,SITE_642
2600,SITE_755
676,SITE_780
880,SITE_912
2244,SITE_888
4061,SITE_463
2279,SITE_1076
100,SITE_624
4714,SITE_164
5171,SITE_1140
2763,SITE_21
239,SITE_1083
852,SITE_761
2419,SITE_823
1650,SITE_313
4076,SITE_111
670,SITE_1076
891,SITE_813
330,SITE_934
2633,SITE_777
2314,SITE_439
2170,SITE_1183
4834,SITE_30
2678,SITE_422
4773,SITE_1016
5034,SITE_1075
4591,SITE_1
1721,SITE_1001
1558,SITE_418
2483,SITE_906
1179,SITE_1072
2747,SITE_504
2146,SITE_237
4381,SITE_754
5305,SITE_1212
1517,SITE_572
4310,SITE_229
3860,SITE_272
2356,SITE_906
4486,SITE_868
2447,SITE_345
3045,SITE_202
3444,SITE_416
344,SITE_887
5094,SITE_664
3040,SITE_274
2688,SITE_1028
2914,SITE_1078
1588,SITE_1042
2984,SITE_458
864,SITE_737
3601,SITE_901
1394,SITE_823
1863,SITE_1147
2556,SITE_440
2908,SITE_384
162,SITE_807
4898,SITE_414
591,SITE_1170
3492,SITE_728
4067,SITE_211
4983,SITE_533
1752,SITE_215
838,SITE_866
1611,SITE_734
4778,SITE_368
4988,SITE_859
3692,SITE_1084
3738,SITE_375
1214,SITE_22
834,SITE_463
4051,SITE_258
5098,SITE_826
4701,SITE_206
798,SITE_835
3930,SITE_1133
1382,SITE_445
5205,SITE_876
4598,SITE_384
4520,SITE_115
306,SITE_182
3255,SITE_639
796,SITE_835
3853,SITE_1148
884,SITE_628
3979,SITE_89
4189,SITE_937
5150,SITE_852
1512,SITE_191
3934,SITE_1007
4212,SITE_290
3036,SITE_274
2738,SITE_1154
1444,SITE_806
3104,SITE_864
78,SITE_305
3012,SITE_856
291,SITE_410
318,SITE_1017
1800,SITE_487
2380,SITE_47
5321,SITE_103
1476,SITE_741
1872,SITE_753
3386,SITE_333
2951,SITE_164
4893,SITE_763
3824,SITE_1046
4432,SITE_394
1081,SITE_656
2200,SITE_986
5193,SITE_1199
2284,SITE_780
3327,SITE_1048
4345,SITE_380
5111,SITE_400
4682,SITE_1146
1290,SITE_114
4523,SITE_1182
4106,SITE_966
2487,SITE_41
1937,SITE_227
575,SITE_1194
4651,SITE_303
2694,SITE_1133
570,SITE_898
2948,SITE_249
2764,SITE_21
3150,SITE_651
874,SITE_1010
4300,SITE_542
2947,SITE_223
4295,SITE_597
3908,SITE_392
1817,SITE_1218
1941,SITE_872
590,SITE_1170
1447,SITE_831
390,SITE_970
522,SITE_816
1405,SITE_244
4019,SITE_731
83,SITE_247
87,SITE_341
5209,SITE_477
4764,SITE_853
3056,SITE_414
3660,SITE_205
4826,SITE_98
2574,SITE_250
3757,SITE_156
703,SITE_789
3403,SITE_874
3468,SITE_811
3379,SITE_1224
5285,SITE_1011
3339,SITE_1037
4029,SITE_109
2612,SITE_79
3857,SITE_1033
3322,SITE_826
618,SITE_808
3539,SITE_1011
1880,SITE_1087
3820,SITE_1000
1771,SITE_977
4154,SITE_454
4979,SITE_1041
4021,SITE_667
3080,SITE_1026
4984,SITE_608
3784,SITE_784
3881,SITE_1004
742,SITE_1105
2426,SITE_572
2728,SITE_1036
327,SITE_162
2575,SITE_838
784,SITE_285
273,SITE_224
1095,SITE_683
3542,SITE_787
3183,SITE_859
4267,SITE_665
820,SITE_340
1540,SITE_1175
975,SITE_915
2330,SITE_631
1820,SITE_493
2952,SITE_164
3977,SITE_630
4717,SITE_53
1113,SITE_192
1119,SITE_488
1287,SITE_1134
2247,SITE_888
2417,SITE_823
2499,SITE_41
2289,SITE_12
2818,SITE_560
3808,SITE_764
3177,SITE_533
5195,SITE_1199
634,SITE_860
33,SITE_810
2820,SITE_396
4653,SITE_827
1947,SITE_1083
5023,SITE_453
3066,SITE_1221
4500,SITE_34
2717,SITE_1168
4425,SITE_824
249,SITE_1058
2829,SITE_1081
4891,SITE_413
2294,SITE_447
265,SITE_342
1761,SITE_643
1386,SITE_823
1415,SITE_945
2438,SITE_886
5,SITE_844
588,SITE_424
2957,SITE_53
144,SITE_1236
755,SITE_1129
3594,SITE_479
4359,SITE_540
1899,SITE_345
1162,SITE_781
5204,SITE_306
3541,SITE_569
2967,SITE_1160
916,SITE_286
3646,SITE_1080
2972,SITE_798
2542,SITE_980
1505,SITE_564
3453,SITE_306
4806,SITE_507
5202,SITE_306
2089,SITE_404
1943,SITE_872
995,SITE_200
2753,SITE_567
2400,SITE_240
366,SITE_638
3611,SITE_73
4016,SITE_1105
2565,SITE_446
346,SITE_887
1383,SITE_445
3668,SITE_644
754,SITE_109
3100,SITE_148
1242,SITE_553
4718,SITE_53
4663,SITE_549
1175,SITE_197
1458,SITE_433
3833,SITE_843
4705,SITE_223
3588,SITE_1111
214,SITE_872
2866,SITE_991
47,SITE_179
251,SITE_59
1220,SITE_741
90,SITE_341
5328,SITE_1190
4632,SITE_337
436,SITE_58
2473,SITE_839
3634,SITE_341
2899,SITE_1216
1371,SITE_517
122,SITE_391
4487,SITE_868
3637,SITE_611
5135,SITE_1227
5054,SITE_917
1210,SITE_637
5129,SITE_456
4585,SITE_246
3949,SITE_343
1060,SITE_77
2702,SITE_603
2508,SITE_457
3928,SITE_1133
4014,SITE_233
4180,SITE_641
7,SITE_513
3180,SITE_608
4807,SITE_507
4380,SITE_31
51,SITE_901
4280,SITE_802
3563,SITE_647
1317,SITE_483
3852,SITE_1148
2697,SITE_1007
1199,SITE_1131
3101,SITE_148
3593,SITE_479
4992,SITE_668
1108,SITE_521
2604,SITE_911
1149,SITE_538
3850,SITE_663
322,SITE_123
1757,SITE_574
1930,SITE_634
5053,SITE_917
2013,SITE_100
1493,SITE_290
1536,SITE_1175
3258,SITE_1044
1636,SITE_905
2248,SITE_888
4035,SITE_822
349,SITE_187
2664,SITE_520
4657,SITE_817
1890,SITE_1106
4659,SITE_817
3201,SITE_1002
233,SITE_122
1594,SITE_1203
4194,SITE_168
1342,SITE_348
1813,SITE_1218
1810,SITE_304
4754,SITE_501
4192,SITE_462
3460,SITE_268
3638,SITE_1080
2526,SITE_395
1056,SITE_194
1351,SITE_118
2122,SITE_432
2784,SITE_315
3135,SITE_468
1678,SITE_663
2727,SITE_1036
1205,SITE_848
950,SITE_431
2848,SITE_442
4999,SITE_193
4252,SITE_643
5048,SITE_1044
4073,SITE_680
386,SITE_895
1788,SITE_1123
4426,SITE_406
2656,SITE_843
3266,SITE_381
271,SITE_224
2494,SITE_181
93,SITE_611
5301,SITE_178
831,SITE_43
679,SITE_12
1615,SITE_317
2242,SITE_519
4429,SITE_37
173,SITE_198
2263,SITE_1201
4569,SITE_550
3564,SITE_388
744,SITE_731
2080,SITE_298
3614,SITE_73
2504,SITE_457
2968,SITE_1160
1911,SITE_1073
3034,SITE_202
4545,SITE_1091
3234,SITE_324
3763,SITE_279
5019,SITE_524
1722,SITE_1001
2087,SITE_701
4594,SITE_1
320,SITE_54
4958,SITE_1185
3164,SITE_165
1090,SITE_107
3688,SITE_280
1502,SITE_924
966,SITE_535
2060,SITE_638
1164,SITE_462
3399,SITE_543
2907,SITE_384
4167,SITE_91
2413,SITE_1092
752,SITE_109
494,SITE_1223
985,SITE_854
143,SITE_634
4690,SITE_1116
4532,SITE_500
4756,SITE_740
5297,SITE_987
637,SITE_528
1159,SITE_284
4248,SITE_643
3022,SITE_847
4247,SITE_643
153,SITE_1188
2669,SITE_1004
305,SITE_182
397,SITE_113
2916,SITE_1078
1130,SITE_429
2534,SITE_904
222,SITE_872
5185,SITE_1121
1851,SITE_323
2276,SITE_1076
88,SITE_341
3680,SITE_755
3187,SITE_859
3574,SITE_399
1267,SITE_841
1790,SITE_1123
478,SITE_794
253,SITE_441
4397,SITE_1123
4148,SITE_1009
3862,SITE_272
2603,SITE_911
1043,SITE_1056
868,SITE_1067
3289,SITE_1173
4430,SITE_406
4623,SITE_747
4686,SITE_1116
3341,SITE_1037
1261,SITE_996
3185,SITE_859
129,SITE_1232
5290,SITE_1162
1066,SITE_129
2430,SITE_418
1932,SITE_227
1485,SITE_230
1595,SITE_1203
3329,SITE_1048
2331,SITE_656
1739,SITE_933
3467,SITE_811
4915,SITE_1026
187,SITE_1097
1253,SITE_879
1419,SITE_302
514,SITE_554
2274,SITE_142
3924,SITE_975
686,SITE_880
5330,SITE_125
2854,SITE_1182
2745,SITE_758
587,SITE_986
2682,SITE_1015
11,SITE_513
654,SITE_1226
208,SITE_64
2698,SITE_1007
1689,SITE_78
1410,SITE_727
3378,SITE_838
443,SITE_1163
3835,SITE_843
2975,SITE_494
793,SITE_480
4113,SITE_623
2917,SITE_1078
4603,SITE_953
2792,SITE_1043
3124,SITE_940
364,SITE_638
2480,SITE_906
3871,SITE_589
4403,SITE_910
3008,SITE_913
260,SITE_484
698,SITE_537
512,SITE_716
3374,SITE_1109
1393,SITE_8
608,SITE_1159
4565,SITE_385
3644,SITE_624
3249,SITE_322
2760,SITE_91
1096,SITE_683
5219,SITE_811
5289,SITE_108
3678,SITE_134
4226,SITE_963
883,SITE_420
2382,SITE_47
1908,SITE_103
3493,SITE_452
1971,SITE_342
413,SITE_1149
2096,SITE_15
3758,SITE_279
1525,SITE_765
2999,SITE_672
2129,SITE_873
2190,SITE_898
1728,SITE_1009
5013,SITE_1167
1858,SITE_949
3823,SITE_137
1279,SITE_475
4344,SITE_380
5215,SITE_268
3783,SITE_784
367,SITE_592
5312,SITE_110
4384,SITE_558
1298,SITE_465
1251,SITE_366
1959,SITE_484
3531,SITE_372
3635,SITE_611
2699,SITE_1007
81,SITE_305
3709,SITE_222
1431,SITE_679
2852,SITE_442
4991,SITE_668
4489,SITE_941
596,SITE_867
3972,SITE_773
3163,SITE_165
1497,SITE_924
502,SITE_955
1434,SITE_723
3304,SITE_36
391,SITE_970
149,SITE_842
2065,SITE_982
4188,SITE_1161
2720,SITE_773
4856,SITE_672
1332,SITE_402
1071,SITE_13
2002,SITE_473
266,SITE_342
2714,SITE_20
2319,SITE_367
1756,SITE_574
4420,SITE_551
1627,SITE_523
929,SITE_1130
861,SITE_989
2799,SITE_428
1183,SITE_1141
4875,SITE_847
241,SITE_1035
2861,SITE_412
3791,SITE_1195
648,SITE_1210
4921,SITE_678
1553,SITE_716
1535,SITE_592
689,SITE_1228
3555,SITE_804
3991,SITE_130
4206,SITE_933
546,SITE_297
3142,SITE_645
2929,SITE_497
2132,SITE_851
3159,SITE_739
2637,SITE_506
1887,SITE_1106
1077,SITE_311
3675,SITE_587
4627,SITE_959
5212,SITE_1106
1655,SITE_710
1449,SITE_840
5300,SITE_178
4358,SITE_540
3084,SITE_131
3415,SITE_1140
2315,SITE_439
5134,SITE_1224
2360,SITE_207
1638,SITE_566
3568,SITE_844
4543,SITE_76
2996,SITE_72
3747,SITE_369
4094,SITE_750
1406,SITE_244
3653,SITE_957
1783,SITE_583
3420,SITE_1140
2443,SITE_1147
4977,SITE_1041
5022,SITE_204
2029,SITE_123
619,SITE_577
2364,SITE_429
2131,SITE_851
1477,SITE_741
4940,SITE_195
5152,SITE_5
5174,SITE_697
3720,SITE_79
1706,SITE_510
3839,SITE_328
3147,SITE_651
1004,SITE_893
302,SITE_699
1924,SITE_580
710,SITE_632
1713,SITE_89
2050,SITE_187
4170,SITE_1237
3943,SITE_387
5179,SITE_231
4953,SITE_645
1549,SITE_716
4761,SITE_116
2626,SITE_1171
4886,SITE_1074
808,SITE_264
1774,SITE_229
768,SITE_822
3900,SITE_78
379,SITE_1086
1078,SITE_403
2424,SITE_572
4938,SITE_423
3793,SITE_1195
1639,SITE_566
188,SITE_1097
353,SITE_184
2582,SITE_1126
2386,SITE_308
4422,SITE_551
5235,SITE_954
3609,SITE_902
1354,SITE_909
1358,SITE_56
1256,SITE_653
2726,SITE_1036
1779,SITE_38
3141,SITE_645
1671,SITE_642
438,SITE_58
2734,SITE_69
672,SITE_1076
1437,SITE_135
4497,SITE_871
3532,SITE_150
4496,SITE_871
3762,SITE_279
1699,SITE_595
4475,SITE_209
3789,SITE_1196
3589,SITE_1208
3115,SITE_195
2088,SITE_404
2103,SITE_1163
3297,SITE_769
1407,SITE_1229
4751,SITE_94
2905,SITE_1
509,SITE_449
872,SITE_1010
190,SITE_968
2716,SITE_732
3729,SITE_571
192,SITE_968
2729,SITE_1024
4227,SITE_963
1796,SITE_406
671,SITE_1076
3884,SITE_695
3095,SITE_693
2149,SITE_50
3421,SITE_231
2543,SITE_1135
2779,SITE_633
3122,SITE_940
503,SITE_955
4730,SITE_565
542,SITE_297
614,SITE_808
403,SITE_713
2562,SITE_566
1041,SITE_81
2789,SITE_281
3899,SITE_78
4554,SITE_66
1049,SITE_998
3491,SITE_728
1280,SITE_729
3306,SITE_935
185,SITE_923
2058,SITE_638
219,SITE_801
3558,SITE_110
430,SITE_1175
4236,SITE_354
1376,SITE_837
4255,SITE_386
1598,SITE_637
2409,SITE_1128
64,SITE_778
4812,SITE_544
5000,SITE_1002
1396,SITE_960
2181,SITE_1014
4775,SITE_93
3071,SITE_451
1330,SITE_252
4828,SITE_1051
1492,SITE_290
3886,SITE_695
1425,SITE_10
3430,SITE_983
5112,SITE_400
1587,SITE_1042
1313,SITE_82
3035,SITE_274
1530,SITE_973
2846,SITE_796
1034,SITE_505
738,SITE_711
2253,SITE_157
22,SITE_1040
1701,SITE_595
448,SITE_253
131,SITE_634
3628,SITE_305
2329,SITE_631
3526,SITE_1177
2599,SITE_755
5295,SITE_987
1741,SITE_933
4092,SITE_666
3516,SITE_1122
1913,SITE_1073
1093,SITE_1019
3279,SITE_600
635,SITE_860
2407,SITE_1128
5059,SITE_1087
1839,SITE_30
4480,SITE_104
3978,SITE_630
1012,SITE_185
764,SITE_822
466,SITE_460
4843,SITE_613
4563,SITE_943
556,SITE_121
1651,SITE_313
1057,SITE_481
2584,SITE_508
647,SITE_1060
623,SITE_962
3003,SITE_672
1204,SITE_848
3795,SITE_622
4009,SITE_63
1465,SITE_373
177,SITE_326
4787,SITE_143
5126,SITE_1109
1217,SITE_1047
4237,SITE_354
5294,SITE_1162
4064,SITE_1154
1114,SITE_1042
3505,SITE_557
3780,SITE_777
2251,SITE_157
1519,SITE_865
2825,SITE_904
4599,SITE_397
901,SITE_11
999,SITE_836
2577,SITE_838
549,SITE_226
2203,SITE_1069
1495,SITE_290
3188,SITE_668
3428,SITE_809
893,SITE_336
1007,SITE_146
4858,SITE_672
3885,SITE_695
4348,SITE_863
3855,SITE_291
1912,SITE_1073
3964,SITE_262
1569,SITE_1210
371,SITE_592
2881,SITE_385
2704,SITE_1089
645,SITE_1060
1537,SITE_1175
4232,SITE_281
3392,SITE_852
1170,SITE_1141
2737,SITE_258
1682,SITE_663
4602,SITE_953
1599,SITE_637
3096,SITE_693
4590,SITE_1
3303,SITE_36
1900,SITE_1030
4743,SITE_4
1215,SITE_22
3314,SITE_691
4464,SITE_967
3627,SITE_305
2053,SITE_427
3838,SITE_843
4634,SITE_337
2375,SITE_1141
4881,SITE_274
4924,SITE_693
2283,SITE_780
4679,SITE_1146
2352,SITE_654
3256,SITE_639
4765,SITE_1160
3063,SITE_398
4288,SITE_627
4770,SITE_1053
146,SITE_1236
1918,SITE_778
3352,SITE_33
3230,SITE_228
4576,SITE_267
1021,SITE_1023
1272,SITE_743
4376,SITE_583
539,SITE_885
2971,SITE_798
311,SITE_100
665,SITE_435
3973,SITE_773
2946,SITE_223
533,SITE_1183
720,SITE_63
1609,SITE_734
2882,SITE_385
242,SITE_1035
4923,SITE_693
565,SITE_234
767,SITE_822
3079,SITE_1026
5326,SITE_1190
1158,SITE_284
5286,SITE_865
3620,SITE_1093
3315,SITE_344
4450,SITE_490
624,SITE_962
4449,SITE_490
4037,SITE_69
3356,SITE_400
2925,SITE_946
1334,SITE_673
3485,SITE_217
3797,SITE_144
3006,SITE_913
3103,SITE_864
314,SITE_926
3433,SITE_416
3178,SITE_533
4798,SITE_314
4164,SITE_749
2021,SITE_54
4957,SITE_651
1807,SITE_186
4333,SITE_444
125,SITE_957
2439,SITE_1218
736,SITE_233
5232,SITE_452
1373,SITE_928
3200,SITE_193
1633,SITE_905
3009,SITE_913
4217,SITE_502
1949,SITE_1083
3811,SITE_1006
1703,SITE_48
102,SITE_624
4203,SITE_559
1102,SITE_188
3766,SITE_724
2044,SITE_1099
3032,SITE_417
781,SITE_239
2541,SITE_980
4220,SITE_517
1223,SITE_240
1315,SITE_82
4648,SITE_961
2366,SITE_429
5231,SITE_728
2124,SITE_748
4887,SITE_1074
3326,SITE_1048
4910,SITE_451
2249,SITE_888
1346,SITE_379
4363,SITE_74
4000,SITE_652
411,SITE_522
1378,SITE_837
4615,SITE_1078
2520,SITE_29
2432,SITE_510
3156,SITE_1185
3224,SITE_605
1840,SITE_30
5005,SITE_1124
2549,SITE_920
1637,SITE_566
3123,SITE_940
1958,SITE_71
1285,SITE_261
935,SITE_1137
4664,SITE_698
4155,SITE_454
5132,SITE_1224
184,SITE_923
469,SITE_873
2208,SITE_867
4850,SITE_170
3479,SITE_1126
3695,SITE_709
206,SITE_128
2540,SITE_980
896,SITE_347
4365,SITE_74
4507,SITE_87
4104,SITE_966
4655,SITE_827
2546,SITE_260
3560,SITE_569
2767,SITE_1161
1625,SITE_88
1914,SITE_778
61,SITE_3
1037,SITE_393
1737,SITE_933
204,SITE_766
3364,SITE_1029
954,SITE_367
1284,SITE_261
2898,SITE_1216
2476,SITE_785
3053,SITE_660
5044,SITE_639
19,SITE_399
111,SITE_1022
2949,SITE_249
4059,SITE_463
2154,SITE_1008
4324,SITE_997
5153,SITE_5
4783,SITE_564
3015,SITE_684
5222,SITE_65
5001,SITE_1002
3456,SITE_876
4249,SITE_1207
3931,SITE_48
180,SITE_782
3333,SITE_310
189,SITE_1097
1063,SITE_829
3866,SITE_788
4675,SITE_984
1976,SITE_877
677,SITE_780
2387,SITE_1131
4190,SITE_462
2868,SITE_710
827,SITE_1096
488,SITE_237
5065,SITE_1179
4040,SITE_300
3599,SITE_179
538,SITE_297
5311,SITE_110
551,SITE_297
79,SITE_305
889,SITE_745
2478,SITE_906
1167,SITE_168
3993,SITE_130
1080,SITE_656
3293,SITE_1173
4479,SITE_104
1841,SITE_30
1967,SITE_563
3439,SITE_1199
1999,SITE_1064
4677,SITE_1146
2220,SITE_1159
3291,SITE_1173
4640,SITE_364
1206,SITE_848
1834,SITE_480
5091,SITE_1048
2524,SITE_511
5237,SITE_954
4974,SITE_655
4537,SITE_991
2887,SITE_1119
2981,SITE_613
3290,SITE_1173
2529,SITE_289
3370,SITE_814
4613,SITE_180
4683,SITE_596
3499,SITE_954
3786,SITE_846
844,SITE_335
713,SITE_632
3253,SITE_639
4530,SITE_412
3816,SITE_599
3500,SITE_954
3309,SITE_935
2497,SITE_41
145,SITE_1236
3925,SITE_102
1126,SITE_783
3719,SITE_79
3233,SITE_324
2399,SITE_905
4646,SITE_961
1150,SITE_538
4633,SITE_337
2655,SITE_772
3139,SITE_645
2936,SITE_325
1439,SITE_135
4279,SITE_802
1230,SITE_210
4453,SITE_616
1356,SITE_720
3281,SITE_600
518,SITE_532
9,SITE_513
790,SITE_480
732,SITE_233
1480,SITE_101
4193,SITE_168
5125,SITE_1109
2348,SITE_683
3722,SITE_79
5210,SITE_477
2318,SITE_349
1750,SITE_215
5276,SITE_881
4357,SITE_540
4387,SITE_470
3458,SITE_477
3624,SITE_1186
4674,SITE_984
1427,SITE_10
4961,SITE_661
4057,SITE_340
4892,SITE_763
2739,SITE_1154
895,SITE_336
3648,SITE_1080
307,SITE_182
1027,SITE_139
978,SITE_972
4588,SITE_425
3299,SITE_36
2977,SITE_466
2500,SITE_41
4777,SITE_368
1613,SITE_734
3687,SITE_280
2761,SITE_160
4939,SITE_423
4404,SITE_910
3814,SITE_599
3649,SITE_1080
4757,SITE_740
3168,SITE_690
1780,SITE_38
560,SITE_121
3465,SITE_811
3073,SITE_451
4473,SITE_209
2672,SITE_752
996,SITE_200
399,SITE_113
579,SITE_1194
2460,SITE_702
1005,SITE_893
1691,SITE_78
1702,SITE_510
1545,SITE_460
3538,SITE_1011
3724,SITE_1166
525,SITE_392
3772,SITE_688
56,SITE_778
2005,SITE_699
4488,SITE_924
616,SITE_601
5170,SITE_1140
3595,SITE_479
304,SITE_182
3270,SITE_917
1830,SITE_93
1250,SITE_366
1586,SITE_1042
5104,SITE_609
2410,SITE_905
1470,SITE_119
622,SITE_808
4727,SITE_762
3028,SITE_417
278,SITE_1108
1544,SITE_460
3411,SITE_25
246,SITE_153
1663,SITE_950
3172,SITE_655
785,SITE_285
5046,SITE_1044
4181,SITE_937
4362,SITE_358
1733,SITE_937
3536,SITE_881
2911,SITE_953
717,SITE_443
4296,SITE_597
1121,SITE_1165
4624,SITE_747
1765,SITE_908
1624,SITE_727
1441,SITE_503
2935,SITE_710
4925,SITE_148
495,SITE_1223
2303,SITE_1062
858,SITE_132
1954,SITE_712
1864,SITE_1147
1819,SITE_493
5282,SITE_1030
3586,SITE_810
1697,SITE_595
3054,SITE_660
105,SITE_68
716,SITE_443
2847,SITE_796
5272,SITE_150
1607,SITE_22
4511,SITE_796
1895,SITE_514
3383,SITE_838
1433,SITE_679
4334,SITE_461
1977,SITE_877
1491,SITE_290
200,SITE_1187
1821,SITE_1116
1679,SITE_663
1064,SITE_129
3298,SITE_365
1235,SITE_175
942,SITE_357
2991,SITE_170
4052,SITE_258
4707,SITE_329
1207,SITE_848
1931,SITE_634
2865,SITE_991
2844,SITE_442
4926,SITE_148
4068,SITE_512
730,SITE_604
5066,SITE_1179
3804,SITE_764
2332,SITE_656
2557,SITE_440
2806,SITE_1031
2204,SITE_1069
4312,SITE_530
2776,SITE_395
2343,SITE_707
1726,SITE_1001
2496,SITE_41
212,SITE_1084
1654,SITE_282
2187,SITE_234
957,SITE_419
4360,SITE_358
1909,SITE_103
2759,SITE_91
2229,SITE_601
106,SITE_705
2001,SITE_1064
1365,SITE_99
3773,SITE_642
1026,SITE_139
3131,SITE_921
4066,SITE_211
4840,SITE_1114
4186,SITE_1161
2169,SITE_1183
2104,SITE_1163
1675,SITE_593
2191,SITE_898
2874,SITE_980
5030,SITE_191
1445,SITE_831
1764,SITE_977
5047,SITE_1044
4662,SITE_549
5140,SITE_333
3310,SITE_935
2286,SITE_780
2321,SITE_367
2824,SITE_470
2156,SITE_1008
5307,SITE_1212
4405,SITE_1233
877,SITE_649
5139,SITE_1227
2651,SITE_275
4972,SITE_576
526,SITE_590
4347,SITE_863
3513,SITE_929
2320,SITE_367
1809,SITE_304
3710,SITE_153
2531,SITE_289
2093,SITE_70
2628,SITE_1171
3098,SITE_148
123,SITE_391
2718,SITE_1168
203,SITE_766
2441,SITE_1147
3232,SITE_228
4643,SITE_776
2903,SITE_1
778,SITE_140
3844,SITE_220
1305,SITE_995
3369,SITE_814
1399,SITE_218
836,SITE_866
2361,SITE_526
2791,SITE_1068
4444,SITE_152
4917,SITE_767
5164,SITE_585
1749,SITE_215
4962,SITE_739
3963,SITE_262
152,SITE_1188
2049,SITE_187
2123,SITE_432
1055,SITE_194
511,SITE_449
2264,SITE_1201
2197,SITE_1045
4008,SITE_443
1725,SITE_1001
2225,SITE_1159
4281,SITE_908
824,SITE_151
3360,SITE_1029
3204,SITE_650
3354,SITE_400
422,SITE_701
4414,SITE_878
31,SITE_448
4126,SITE_606
1180,SITE_1072
3545,SITE_248
2085,SITE_701
4696,SITE_1143
5011,SITE_1153
725,SITE_1215
2180,SITE_1014
2185,SITE_121
748,SITE_667
921,SITE_770
42,SITE_479
3527,SITE_1177
3968,SITE_1168
4857,SITE_672
687,SITE_880
4157,SITE_759
3405,SITE_793
673,SITE_1076
4877,SITE_417
3376,SITE_456
1715,SITE_89
4055,SITE_1059
1065,SITE_129
1857,SITE_949
3607,SITE_902
127,SITE_634
2919,SITE_694
580,SITE_424
115,SITE_455
1928,SITE_634
2307,SITE_155
3260,SITE_1044
1892,SITE_1106
1422,SITE_795
5103,SITE_609
1629,SITE_523
39,SITE_479
3308,SITE_935
751,SITE_1062
4978,SITE_1041
3864,SITE_821
2811,SITE_882
2027,SITE_123
5308,SITE_804
332,SITE_934
1212,SITE_51
1995,SITE_213
984,SITE_499
2052,SITE_427
1186,SITE_1102
3834,SITE_843
1634,SITE_905
3353,SITE_33
1734,SITE_559
3336,SITE_1037
986,SITE_200
4023,SITE_667
4581,SITE_1216
2568,SITE_446
1070,SITE_13
4469,SITE_154
508,SITE_716
446,SITE_253
3682,SITE_911
375,SITE_818
1948,SITE_1083
3497,SITE_954
4197,SITE_168
2613,SITE_79
2594,SITE_1142
2040,SITE_1099
1828,SITE_93
5136,SITE_1037
1155,SITE_869
4903,SITE_398
2625,SITE_492
2841,SITE_87
3955,SITE_1184
1053,SITE_415
2690,SITE_975
2106,SITE_1163
3565,SITE_575
5009,SITE_1153
1898,SITE_514
1202,SITE_637
429,SITE_70
568,SITE_898
3000,SITE_672
3448,SITE_306
3953,SITE_1184
3276,SITE_273
402,SITE_971
2992,SITE_170
3950,SITE_1089
4636,SITE_946
2312,SITE_918
849,SITE_211
5229,SITE_728
4060,SITE_463
707,SITE_652
2172,SITE_1183
4504,SITE_850
4515,SITE_796
358,SITE_948
1416,SITE_945
3317,SITE_344
2259,SITE_1226
881,SITE_912
2254,SITE_157
2448,SITE_71
1915,SITE_778
2147,SITE_1107
3271,SITE_917
4949,SITE_468
2398,SITE_51
5035,SITE_1075
2033,SITE_988
1511,SITE_191
578,SITE_1194
3051,SITE_763
2827,SITE_904
998,SITE_836
1584,SITE_57
2057,SITE_894
335,SITE_973
1854,SITE_661
5173,SITE_697
3737,SITE_375
3664,SITE_644
3213,SITE_1153
2995,SITE_72
5105,SITE_609
4284,SITE_607
5158,SITE_543
5250,SITE_1122
10,SITE_513
633,SITE_860
3047,SITE_413
3656,SITE_1232
2160,SITE_955
4736,SITE_1145
4317,SITE_318
3587,SITE_810
5081,SITE_935
4609,SITE_862
1685,SITE_516
315,SITE_926
2437,SITE_568
982,SITE_499
4822,SITE_1038
3216,SITE_1167
2783,SITE_315
2551,SITE_920
1094,SITE_683
4853,SITE_72
1874,SITE_753
4694,SITE_1116
835,SITE_463
1343,SITE_348
3475,SITE_775
2069,SITE_982
4245,SITE_1043
2183,SITE_6
1402,SITE_719
336,SITE_1099
4688,SITE_136
3362,SITE_1029
1773,SITE_229
1974,SITE_877
882,SITE_912
776,SITE_140
1006,SITE_893
527,SITE_590
585,SITE_986
75,SITE_1186
1506,SITE_564
4495,SITE_871
4282,SITE_607
3826,SITE_1046
49,SITE_901
1661,SITE_376
2396,SITE_51
3958,SITE_594
3787,SITE_846
1320,SITE_19
1766,SITE_908
2943,SITE_327
2788,SITE_281
1855,SITE_661
1994,SITE_213
4608,SITE_862
1413,SITE_614
5216,SITE_1106
5033,SITE_753
5057,SITE_273
1345,SITE_909
3590,SITE_1208
4087,SITE_758
3861,SITE_272
171,SITE_799
4695,SITE_1143
4911,SITE_451
1481,SITE_101
223,SITE_872
2982,SITE_613
4452,SITE_616
3903,SITE_422
2614,SITE_636
1541,SITE_1175
2976,SITE_466
4729,SITE_565
4959,SITE_1185
3602,SITE_901
3567,SITE_844
3845,SITE_663
5008,SITE_591
2778,SITE_313
2891,SITE_267
803,SITE_1021
5036,SITE_1075
3059,SITE_414
3551,SITE_1212
3498,SITE_954
4824,SITE_98
2110,SITE_253
3351,SITE_33
3377,SITE_456
832,SITE_43
1019,SITE_1023
2578,SITE_874
5060,SITE_600
737,SITE_711
230,SITE_1132
572,SITE_898
1873,SITE_753
3292,SITE_1173
2176,SITE_297
4759,SITE_116
3690,SITE_1084
4335,SITE_461
4315,SITE_318
2109,SITE_253
3210,SITE_591
5018,SITE_524
923,SITE_496
3245,SITE_322
3208,SITE_190
2308,SITE_155
3522,SITE_870
4004,SITE_632
4025,SITE_667
2313,SITE_439
2182,SITE_1014
4098,SITE_602
3794,SITE_622
5016,SITE_949
3504,SITE_1198
774,SITE_300
2892,SITE_267
4407,SITE_1233
4302,SITE_183
5238,SITE_1198
4474,SITE_209
4617,SITE_694
3584,SITE_448
5101,SITE_245
2801,SITE_113
2798,SITE_428
5020,SITE_524
3550,SITE_350
4998,SITE_193
4146,SITE_434
5296,SITE_987
1421,SITE_614
1656,SITE_710
4017,SITE_1105
4865,SITE_1103
4607,SITE_953
400,SITE_971
802,SITE_1219
854,SITE_761
2162,SITE_955
44,SITE_479
3800,SITE_389
581,SITE_1045
4649,SITE_493
4030,SITE_1049
2810,SITE_882
2675,SITE_985
941,SITE_1158
1951,SITE_71
4103,SITE_178
2428,SITE_572
232,SITE_122
766,SITE_822
812,SITE_1082
777,SITE_140
5334,SITE_265
2059,SITE_638
1647,SITE_313
3940,SITE_230
2998,SITE_672
911,SITE_951
1238,SITE_779
4904,SITE_1221
4340,SITE_1211
3148,SITE_651
4635,SITE_946
2564,SITE_446
4647,SITE_961
2959,SITE_49
2349,SITE_1172
2148,SITE_50
2816,SITE_540
1518,SITE_865
1031,SITE_126
2115,SITE_529
490,SITE_50
310,SITE_100
2048,SITE_523
4024,SITE_667
1593,SITE_1203
1745,SITE_259
4987,SITE_576
2670,SITE_1004
1705,SITE_48
4536,SITE_991
334,SITE_934
1455,SITE_476
1956,SITE_712
2563,SITE_446
2125,SITE_748
1878,SITE_1087
356,SITE_166
4396,SITE_1123
2703,SITE_603
2075,SITE_127
4574,SITE_267
1991,SITE_213
404,SITE_713
1528,SITE_765
3250,SITE_322
1471,SITE_119
2979,SITE_101
4316,SITE_318
4839,SITE_1114
1154,SITE_869
1585,SITE_1042
2192,SITE_898
505,SITE_24
4058,SITE_340
4046,SITE_239
2152,SITE_1223
1025,SITE_139
4224,SITE_574
5228,SITE_217
914,SITE_286
4327,SITE_509
4997,SITE_193
4301,SITE_183
457,SITE_529
4752,SITE_94
4885,SITE_1074
2922,SITE_958
5097,SITE_310
5058,SITE_273
5256,SITE_615
1392,SITE_8
4089,SITE_504
3138,SITE_468
2686,SITE_681
4439,SITE_1193
4319,SITE_42
2292,SITE_447
4768,SITE_1053
2635,SITE_506
4455,SITE_487
2495,SITE_181
4205,SITE_933
3582,SITE_448
2099,SITE_360
3089,SITE_678
1282,SITE_729
5262,SITE_1177
5322,SITE_263
1136,SITE_899
5172,SITE_697
1364,SITE_99
4558,SITE_1192
3639,SITE_938
2544,SITE_1135
2666,SITE_589
2323,SITE_367
4606,SITE_953
2401,SITE_240
3020,SITE_469
4398,SITE_472
2815,SITE_540
2875,SITE_1192
3944,SITE_1174
340,SITE_1099
3417,SITE_1140
2210,SITE_1214
3018,SITE_684
210,SITE_128
4758,SITE_740
323,SITE_123
4118,SITE_1101
2341,SITE_785
3920,SITE_744
109,SITE_1022
573,SITE_898
2457,SITE_298
3220,SITE_204
2572,SITE_365
2311,SITE_918
507,SITE_24
1414,SITE_945
4610,SITE_862
4848,SITE_170
3424,SITE_1121
3157,SITE_739
224,SITE_277
1499,SITE_924
2411,SITE_1092
280,SITE_1108
4253,SITE_386
4631,SITE_362
4423,SITE_824
3285,SITE_1179
865,SITE_737
3426,SITE_1121
4200,SITE_1072
1082,SITE_278
4311,SITE_530
554,SITE_1014
3733,SITE_492
4159,SITE_759
3874,SITE_377
656,SITE_1201
405,SITE_713
3705,SITE_1057
3509,SITE_557
2346,SITE_683
952,SITE_1230
3836,SITE_843
4053,SITE_1059
524,SITE_392
816,SITE_708
758,SITE_1178
1618,SITE_317
3936,SITE_48
2937,SITE_325
4342,SITE_38
1732,SITE_937
4577,SITE_267
194,SITE_1054
667,SITE_435
1195,SITE_212
847,SITE_439
2468,SITE_6
3998,SITE_652
2769,SITE_409
372,SITE_818
2839,SITE_23
3257,SITE_639
4175,SITE_332
1252,SITE_879
3865,SITE_821
3409,SITE_25
4400,SITE_472
449,SITE_253
1589,SITE_1042
613,SITE_626
1335,SITE_673
3438,SITE_1199
32,SITE_1073
3117,SITE_195
2025,SITE_54
800,SITE_1219
3721,SITE_79
1069,SITE_436
1845,SITE_1205
990,SITE_200
5274,SITE_1030
963,SITE_1176
1475,SITE_741
3490,SITE_728
1606,SITE_22
5041,SITE_322
2864,SITE_500
1957,SITE_712
2733,SITE_69
1128,SITE_429
4445,SITE_363
2502,SITE_457
674,SITE_1076
4681,SITE_1146
5062,SITE_600
3241,SITE_534
2045,SITE_887
4250,SITE_1207
2402,SITE_240
2269,SITE_1025
1700,SITE_595
1132,SITE_429
1369,SITE_99
609,SITE_1159
3651,SITE_83
365,SITE_638
1812,SITE_1218
5037,SITE_534
540,SITE_885
2736,SITE_258
753,SITE_109
4003,SITE_632
928,SITE_706
5006,SITE_339
955,SITE_419
620,SITE_577
788,SITE_155
2576,SITE_838
4559,SITE_1192
3099,SITE_148
1190,SITE_316
662,SITE_1025
3633,SITE_341
489,SITE_50
408,SITE_321
3365,SITE_1029
642,SITE_157
2724,SITE_900
605,SITE_1077
1883,SITE_757
510,SITE_449
4341,SITE_1211
4732,SITE_714
2528,SITE_395
4819,SITE_371
243,SITE_1035
2112,SITE_704
1742,SITE_933
4472,SITE_967
1262,SITE_996
3295,SITE_769
4072,SITE_680
1515,SITE_191
745,SITE_731
2805,SITE_1031
4882,SITE_274
3280,SITE_600
2246,SITE_888
4501,SITE_34
3484,SITE_217
1092,SITE_1019
1672,SITE_642
4184,SITE_21
1504,SITE_564
3199,SITE_193
2712,SITE_732
649,SITE_1226
2787,SITE_281
3184,SITE_859
746,SITE_731
1103,SITE_654
2107,SITE_702
421,SITE_701
3198,SITE_193
3867,SITE_788
4772,SITE_1016
1479,SITE_101
2340,SITE_278
4693,SITE_1055
1426,SITE_10
2007,SITE_699
3645,SITE_624
933,SITE_1137
1778,SITE_977
4920,SITE_678
1038,SITE_829
2583,SITE_1126
4391,SITE_196
2327,SITE_200
486,SITE_237
4002,SITE_632
442,SITE_1163
2026,SITE_54
5144,SITE_382
4026,SITE_667
2851,SITE_115
516,SITE_119
1348,SITE_379
3452,SITE_306
2754,SITE_567
4078,SITE_158
4433,SITE_394
1507,SITE_564
2022,SITE_54
477,SITE_794
342,SITE_973
3805,SITE_764
4560,SITE_1192
4909,SITE_648
1001,SITE_771
5031,SITE_753
1920,SITE_580
3741,SITE_307
3195,SITE_1155
907,SITE_963
392,SITE_970
1907,SITE_345
289,SITE_410
2782,SITE_313
1784,SITE_583
4128,SITE_925
3153,SITE_1185
1452,SITE_806
1482,SITE_101
3622,SITE_1093
2202,SITE_1069
3398,SITE_543
4285,SITE_908
4832,SITE_1220
1198,SITE_735
1963,SITE_484
2094,SITE_15
416,SITE_670
1500,SITE_924
2034,SITE_988
3898,SITE_471
1168,SITE_168
1804,SITE_967
1086,SITE_707
4291,SITE_1217
191,SITE_968
3182,SITE_859
3472,SITE_1126
4766,SITE_1160
5056,SITE_273
4081,SITE_972
2337,SITE_785
4260,SITE_105
2800,SITE_428
2189,SITE_234
2184,SITE_121
4375,SITE_378
3268,SITE_917
4117,SITE_1101
3822,SITE_137
894,SITE_336
2083,SITE_670
2687,SITE_884
4704,SITE_223
74,SITE_1186
4179,SITE_641
2486,SITE_61
2904,SITE_1
1901,SITE_1030
3404,SITE_793
5146,SITE_464
2166,SITE_554
3225,SITE_547
4932,SITE_323
4529,SITE_412
1582,SITE_854
1329,SITE_252
3888,SITE_985
112,SITE_580
786,SITE_285
934,SITE_1137
1833,SITE_480
1263,SITE_996
4032,SITE_69
4494,SITE_1090
4747,SITE_1231
4084,SITE_499
4767,SITE_1160
2705,SITE_1089
1641,SITE_884
1718,SITE_158
313,SITE_926
4890,SITE_413
5123,SITE_814
4744,SITE_4
1213,SITE_51
2756,SITE_160
1547,SITE_460
382,SITE_621
3226,SITE_355
4969,SITE_165
4587,SITE_246
5175,SITE_1157
2211,SITE_1214
4966,SITE_819
2927,SITE_946
3667,SITE_644
3511,SITE_929
4036,SITE_69
1278,SITE_475
704,SITE_685
1020,SITE_1023
4512,SITE_796
1338,SITE_319
4592,SITE_1
4062,SITE_1154
1916,SITE_778
5234,SITE_452
2634,SITE_777
3877,SITE_516
731,SITE_233
5194,SITE_1199
4328,SITE_1239
2041,SITE_1099
2654,SITE_772
3288,SITE_1173
4907,SITE_648
1970,SITE_342
4527,SITE_120
2066,SITE_818
1456,SITE_476
4710,SITE_800
2186,SITE_121
1231,SITE_317
1709,SITE_594
3706,SITE_1057
1934,SITE_227
2617,SITE_936
3790,SITE_1196
1921,SITE_580
3011,SITE_856
2482,SITE_906
2493,SITE_181
4996,SITE_1155
4755,SITE_501
2302,SITE_1062
1146,SITE_746
8,SITE_513
5068,SITE_1173
50,SITE_901
792,SITE_480
5279,SITE_80
5197,SITE_356
1763,SITE_643
4136,SITE_897
281,SITE_1108
1939,SITE_128
2010,SITE_182
2379,SITE_308
2939,SITE_1143
2498,SITE_41
1922,SITE_580
550,SITE_297
482,SITE_820
4134,SITE_1003
553,SITE_1014
2405,SITE_106
627,SITE_942
4211,SITE_259
4111,SITE_481
4548,SITE_531
5087,SITE_988
1642,SITE_884
4709,SITE_329
4960,SITE_1185
3731,SITE_492
2794,SITE_1043
1036,SITE_393
5088,SITE_988
567,SITE_234
4233,SITE_281
994,SITE_200
3070,SITE_131
1133,SITE_964
1632,SITE_905
3412,SITE_25
890,SITE_813
424,SITE_404
1045,SITE_1056
1894,SITE_514
712,SITE_632
3662,SITE_312
4854,SITE_72
2606,SITE_858
4652,SITE_303
2367,SITE_538
905,SITE_674
4796,SITE_427
2394,SITE_61
2116,SITE_529
2571,SITE_365
2608,SITE_1057
1653,SITE_282
2,SITE_844
2278,SITE_1076
4349,SITE_863
5080,SITE_935
902,SITE_349
1360,SITE_56
828,SITE_1096
3503,SITE_1198
4786,SITE_171
1370,SITE_517
3619,SITE_3
4242,SITE_527
5247,SITE_929
740,SITE_1105
5306,SITE_1212
2523,SITE_511
577,SITE_1194
607,SITE_1077
3897,SITE_471
1459,SITE_433
2070,SITE_1086
3380,SITE_1224
1099,SITE_1172
4621,SITE_694
3061,SITE_398
813,SITE_918
4132,SITE_97
4119,SITE_1001
5073,SITE_769
1474,SITE_741
41,SITE_479
2004,SITE_473
18,SITE_399
2219,SITE_1077
1244,SITE_553
2453,SITE_181
5263,SITE_18
523,SITE_392
723,SITE_225
2421,SITE_806
2395,SITE_61
4847,SITE_458
3939,SITE_610
1288,SITE_1134
1619,SITE_317
5147,SITE_161
2509,SITE_457
99,SITE_938
3761,SITE_279
1115,SITE_207
1073,SITE_311
1539,SITE_1175
2462,SITE_702
2560,SITE_355
4641,SITE_493
1184,SITE_1102
3218,SITE_547
1770,SITE_908
2178,SITE_297
3160,SITE_930
2133,SITE_794
3674,SITE_587
1117,SITE_207
4177,SITE_332
3167,SITE_165
4121,SITE_430
721,SITE_63
1886,SITE_757
2030,SITE_988
4971,SITE_165
2845,SITE_796
3922,SITE_975
1084,SITE_278
3540,SITE_1011
4586,SITE_246
1013,SITE_185
2536,SITE_1081
3373,SITE_1109
3437,SITE_1199
2969,SITE_1160
2732,SITE_69
4077,SITE_111
2012,SITE_1209
130,SITE_1232
167,SITE_896
513,SITE_554
4034,SITE_822
3932,SITE_1007
1104,SITE_654
2416,SITE_99
1310,SITE_722
3206,SITE_190
2108,SITE_253
4044,SITE_258
3735,SITE_1171
3030,SITE_417
341,SITE_1099
2558,SITE_440
4278,SITE_802
4982,SITE_533
2843,SITE_87
597,SITE_867
3471,SITE_65
1823,SITE_1116
398,SITE_113
4412,SITE_1189
4703,SITE_206
3480,SITE_217
3207,SITE_339
5188,SITE_809
2064,SITE_588
3506,SITE_557
3368,SITE_256
2897,SITE_1216
139,SITE_634
1556,SITE_424
598,SITE_867
4550,SITE_295
3952,SITE_1089
1009,SITE_489
2155,SITE_1008
3436,SITE_1199
2470,SITE_142
4823,SITE_1038
1391,SITE_8
5151,SITE_5
4463,SITE_924
4105,SITE_966
4941,SITE_195
5199,SITE_1018
174,SITE_198
947,SITE_39
1218,SITE_1047
3976,SITE_900
2836,SITE_282
4133,SITE_1003
354,SITE_184
3966,SITE_20
1946,SITE_1083
3321,SITE_826
2081,SITE_298
927,SITE_706
160,SITE_807
4123,SITE_1001
3647,SITE_1080
3273,SITE_273
3962,SITE_262
4318,SITE_229
496,SITE_1223
77,SITE_305
3152,SITE_1185
2983,SITE_55
2351,SITE_1172
1442,SITE_503
604,SITE_75
4377,SITE_583
2179,SITE_6
532,SITE_1100
3057,SITE_414
3042,SITE_1074
961,SITE_1176
245,SITE_153
4393,SITE_993
2831,SITE_1081
3546,SITE_787
2748,SITE_504
84,SITE_247
5217,SITE_811
4332,SITE_444
158,SITE_288
534,SITE_1183
3026,SITE_847
5184,SITE_1121
4869,SITE_1103
519,SITE_532
1302,SITE_338
4410,SITE_214
2567,SITE_446
288,SITE_213
4456,SITE_1098
945,SITE_39
3699,SITE_858
52,SITE_778
3041,SITE_202
4639,SITE_364
2436,SITE_568
5224,SITE_775
2222,SITE_1159
626,SITE_119
1869,SITE_753
1620,SITE_317
4584,SITE_425
3630,SITE_247
1572,SITE_1228
904,SITE_674
5155,SITE_352
2260,SITE_1226
3334,SITE_310
4540,SITE_687
3965,SITE_20
3743,SITE_307
1385,SITE_727
1292,SITE_502
869,SITE_450
4866,SITE_684
4361,SITE_358
3626,SITE_305
2858,SITE_120
4782,SITE_1197
5107,SITE_33
4022,SITE_667
4944,SITE_940
829,SITE_1096
1698,SITE_595
4214,SITE_215
4309,SITE_978
470,SITE_460
5108,SITE_33
761,SITE_1049
328,SITE_973
4047,SITE_239
479,SITE_794
918,SITE_990
2435,SITE_568
4124,SITE_606
4814,SITE_544
136,SITE_312
1003,SITE_771
3375,SITE_456
132,SITE_124
851,SITE_439
2019,SITE_1017
3749,SITE_219
1323,SITE_786
4286,SITE_627
3890,SITE_1204
142,SITE_644
701,SITE_789
3316,SITE_344
3416,SITE_1140
757,SITE_1129
1316,SITE_483
3235,SITE_324
1408,SITE_1229
2980,SITE_613
4629,SITE_362
480,SITE_820
1054,SITE_194
4440,SITE_1193
5271,SITE_150
1554,SITE_418
475,SITE_851
2685,SITE_681
3069,SITE_648
3906,SITE_620
3642,SITE_1080
4235,SITE_354
3049,SITE_763
3065,SITE_1221
1988,SITE_1108
16,SITE_399
2273,SITE_1025
157,SITE_288
3068,SITE_648
976,SITE_972
2134,SITE_794
23,SITE_1040
1467,SITE_119
282,SITE_1108
2680,SITE_884
235,SITE_1083
4860,SITE_913
552,SITE_297
237,SITE_1083
2378,SITE_1141
2797,SITE_875
3242,SITE_534
739,SITE_711
2888,SITE_1119
801,SITE_1219
3556,SITE_804
2786,SITE_1068
2871,SITE_295
1277,SITE_475
1527,SITE_765
58,SITE_73
629,SITE_942
1799,SITE_406
2765,SITE_1161
4257,SITE_1110
3657,SITE_1232
2832,SITE_282
2503,SITE_457
3,SITE_844
2691,SITE_975
4852,SITE_72
1797,SITE_406
3726,SITE_936
3702,SITE_1057
2377,SITE_1141
2501,SITE_41
3666,SITE_644
2078,SITE_522
973,SITE_915
3176,SITE_533
946,SITE_39
4872,SITE_469
2118,SITE_529
1173,SITE_249
1010,SITE_489
1,SITE_844
4804,SITE_427
3231,SITE_228
2074,SITE_127
2838,SITE_23
3983,SITE_89
3988,SITE_1024
972,SITE_189
113,SITE_455
3286,SITE_1179
4460,SITE_976
3856,SITE_291
3406,SITE_793
317,SITE_1017
3750,SITE_219
1568,SITE_1210
1829,SITE_93
272,SITE_224
53,SITE_902
4353,SITE_882
148,SITE_842
3681,SITE_911
4299,SITE_542
3580,SITE_1071
699,SITE_537
1241,SITE_736
1538,SITE_1175
2721,SITE_773
2627,SITE_1171
2467,SITE_6
2677,SITE_422
2912,SITE_1078
1432,SITE_679
388,SITE_895
1608,SITE_22
583,SITE_1045
3202,SITE_1002
4817,SITE_1139
2513,SITE_250
4879,SITE_417
1236,SITE_779
4680,SITE_1146
2636,SITE_506
2469,SITE_142
2391,SITE_848
3064,SITE_1221
1062,SITE_77
2775,SITE_395
4287,SITE_627
5269,SITE_372
3106,SITE_1013
5200,SITE_1018
234,SITE_122
357,SITE_166
4731,SITE_714
1961,SITE_484
2161,SITE_955
4198,SITE_168
2777,SITE_395
1879,SITE_1087
3463,SITE_811
4595,SITE_425
195,SITE_1054
474,SITE_851
3917,SITE_595
4509,SITE_87
636,SITE_528
2928,SITE_710
69,SITE_1093
2956,SITE_53
4368,SITE_421
4038,SITE_300
2142,SITE_237
2648,SITE_1046
284,SITE_213
80,SITE_305
3457,SITE_477
2595,SITE_1080
337,SITE_1099
270,SITE_877
3017,SITE_684
255,SITE_441
4644,SITE_776
886,SITE_628
312,SITE_100
4275,SITE_1117
2650,SITE_1046
4402,SITE_910
3938,SITE_610
451,SITE_704
5014,SITE_1167
1270,SITE_741
3027,SITE_847
1815,SITE_425
2195,SITE_1194
454,SITE_704
797,SITE_835
4001,SITE_173
1208,SITE_848
4873,SITE_1103
4928,SITE_323
2910,SITE_953
1340,SITE_909
4678,SITE_1146
1929,SITE_634
4888,SITE_1205
2870,SITE_295
1735,SITE_559
261,SITE_484
423,SITE_701
2706,SITE_1089
2538,SITE_566
497,SITE_1223
1992,SITE_213
2079,SITE_522
3529,SITE_508
463,SITE_748
3357,SITE_169
4354,SITE_548
4018,SITE_731
1129,SITE_429
1191,SITE_316
1307,SITE_1052
762,SITE_1049
193,SITE_1054
1965,SITE_523
2067,SITE_818
1269,SITE_841
4981,SITE_533
343,SITE_887
4702,SITE_206
3489,SITE_728
4582,SITE_1216
1478,SITE_741
1998,SITE_410
4147,SITE_434
3774,SITE_40
5314,SITE_271
2272,SITE_1025
3807,SITE_764
4650,SITE_303
4779,SITE_93
2062,SITE_588
1591,SITE_1203
2076,SITE_298
2561,SITE_355
1781,SITE_38
3237,SITE_1075
5259,SITE_870
2168,SITE_554
1169,SITE_168
4927,SITE_148
2300,SITE_880
1216,SITE_1047
384,SITE_621
3446,SITE_1018
2662,SITE_520
771,SITE_1240
3342,SITE_17
1926,SITE_634
4027,SITE_109
2224,SITE_1159
2661,SITE_291
2618,SITE_936
5128,SITE_456
2459,SITE_298
615,SITE_601
537,SITE_172
2902,SITE_246
3694,SITE_709
4447,SITE_363
4955,SITE_651
5095,SITE_310
3598,SITE_179
4745,SITE_4
4835,SITE_236
2930,SITE_497
2101,SITE_1163
722,SITE_225
2018,SITE_1017
1237,SITE_779
1152,SITE_756
154,SITE_587
4161,SITE_426
625,SITE_962
1463,SITE_1039
4665,SITE_294
5191,SITE_983
5162,SITE_793
238,SITE_1083
4323,SITE_997
3466,SITE_811
3569,SITE_844
4733,SITE_714
4645,SITE_493
2097,SITE_360
1648,SITE_313
1283,SITE_261
4919,SITE_678
4130,SITE_97
734,SITE_233
4330,SITE_1239
3215,SITE_1167
170,SITE_799
2372,SITE_538
4867,SITE_684
1264,SITE_721
4506,SITE_186
2258,SITE_1060
347,SITE_887
1720,SITE_568
164,SITE_134
4223,SITE_574
2880,SITE_943
1083,SITE_278
96,SITE_611
1068,SITE_436
3961,SITE_390
4829,SITE_1051
293,SITE_1064
4065,SITE_211
1035,SITE_393
1076,SITE_623
5166,SITE_25
420,SITE_701
2525,SITE_511
4684,SITE_596
2102,SITE_1163
2885,SITE_550
4774,SITE_1016
735,SITE_233
1719,SITE_158
3222,SITE_605
983,SITE_499
4906,SITE_1221
1417,SITE_614
2973,SITE_494
2965,SITE_625
1243,SITE_553
2490,SITE_886
3641,SITE_938
2325,SITE_200
2159,SITE_1008
3971,SITE_773
4973,SITE_655
2679,SITE_422
15,SITE_399
1923,SITE_580
2241,SITE_519
82,SITE_247
3846,SITE_351
2433,SITE_510
4896,SITE_660
2431,SITE_418
45,SITE_179
5246,SITE_929
5268,SITE_1094
5015,SITE_949
4163,SITE_749
3502,SITE_1198
433,SITE_15
962,SITE_1176
3434,SITE_1199
1523,SITE_865
1148,SITE_538
1673,SITE_642
5052,SITE_917
103,SITE_68
3338,SITE_1037
1687,SITE_516
5067,SITE_1173
3909,SITE_392
3858,SITE_1033
1882,SITE_757
5163,SITE_585
5131,SITE_1227
3191,SITE_1155
4861,SITE_913
1955,SITE_712
2384,SITE_47
1885,SITE_757
3240,SITE_446
1018,SITE_969
4273,SITE_428
1275,SITE_208
668,SITE_435
1561,SITE_808
3995,SITE_789
481,SITE_820
2559,SITE_355
2265,SITE_1201
1960,SITE_484
1570,SITE_1210
48,SITE_92
3577,SITE_1040
62,SITE_3
1306,SITE_995
2477,SITE_785
4583,SITE_1216
1962,SITE_484
4825,SITE_98
21,SITE_1040
1897,SITE_514
4276,SITE_1117
2804,SITE_1031
2174,SITE_1183
3058,SITE_414
4080,SITE_972
350,SITE_187
3725,SITE_936
3031,SITE_417
2481,SITE_906
3343,SITE_17
252,SITE_59
2333,SITE_656
4575,SITE_267
1462,SITE_1039
4801,SITE_408
4442,SITE_152
1622,SITE_727
4654,SITE_827
1221,SITE_240
4708,SITE_329
4967,SITE_661
2479,SITE_906
1785,SITE_583
2616,SITE_936
3573,SITE_399
2850,SITE_115
2415,SITE_99
4274,SITE_1117
2630,SITE_383
566,SITE_234
3359,SITE_169
660,SITE_1025
426,SITE_404
3427,SITE_809
1903,SITE_1030
3247,SITE_322
3954,SITE_1184
4776,SITE_368
2271,SITE_1025
3464,SITE_811
4135,SITE_1003
4566,SITE_385
1581,SITE_854
1966,SITE_563
977,SITE_972
3525,SITE_508
3211,SITE_1153
2188,SITE_234
3134,SITE_468
351,SITE_187
1029,SITE_505
2128,SITE_873
1453,SITE_1151
183,SITE_227
2750,SITE_1027
3016,SITE_684
2918,SITE_694
5331,SITE_125
3927,SITE_102
2105,SITE_1163
2020,SITE_1017
297,SITE_473
1107,SITE_521
892,SITE_813
1296,SITE_203
63,SITE_3
1030,SITE_505
385,SITE_127
4841,SITE_1114
2381,SITE_47
361,SITE_894
1072,SITE_13
2338,SITE_278
760,SITE_1178
387,SITE_895
4107,SITE_415
837,SITE_866
3190,SITE_668
2743,SITE_111
1791,SITE_1123
4099,SITE_602
3683,SITE_911
5072,SITE_769
1983,SITE_224
2950,SITE_249
4256,SITE_1110
186,SITE_923
1938,SITE_128
3173,SITE_655
4156,SITE_1009
1189,SITE_47
2607,SITE_858
804,SITE_1021
1247,SITE_2
4564,SITE_943
2055,SITE_894
2455,SITE_982
1646,SITE_313
3236,SITE_101
1614,SITE_734
2267,SITE_1201
3305,SITE_365
2427,SITE_572
95,SITE_611
3832,SITE_772
3451,SITE_306
3075,SITE_451
4090,SITE_666
1273,SITE_743
3975,SITE_900
2953,SITE_164
1552,SITE_716
1291,SITE_114
3423,SITE_231
3501,SITE_954
4748,SITE_1231
4642,SITE_776
1111,SITE_192
765,SITE_822
2205,SITE_255
1487,SITE_230
4844,SITE_613
2921,SITE_710
2649,SITE_1046
5149,SITE_852
4259,SITE_105
5329,SITE_103
3776,SITE_40
4719,SITE_762
2505,SITE_29
1690,SITE_78
681,SITE_700
3149,SITE_651
1822,SITE_1116
2328,SITE_631
898,SITE_347
3355,SITE_400
4394,SITE_993
1145,SITE_746
86,SITE_341
2840,SITE_101
1850,SITE_323
73,SITE_1186
1707,SITE_594
4071,SITE_680
2964,SITE_625
4864,SITE_856
1023,SITE_1125
116,SITE_580
5124,SITE_814
3755,SITE_156
584,SITE_424
316,SITE_1017
1610,SITE_734
970,SITE_189
5137,SITE_1037
4,SITE_844
4931,SITE_864
2151,SITE_1223
2268,SITE_1025
915,SITE_286
1139,SITE_1203
2548,SITE_260
2488,SITE_41
1123,SITE_1165
897,SITE_347
4268,SITE_696
4964,SITE_739
2518,SITE_752
4666,SITE_294
493,SITE_1223
444,SITE_1163
3385,SITE_333
267,SITE_342
2061,SITE_982
3828,SITE_952
2322,SITE_367
4421,SITE_551
875,SITE_420
2629,SITE_383
4933,SITE_1013
3372,SITE_1109
4210,SITE_259
3623,SITE_1186
456,SITE_704
1743,SITE_259
5242,SITE_557
5050,SITE_381
4800,SITE_427
965,SITE_535
783,SITE_155
3616,SITE_73
4201,SITE_1072
5196,SITE_356
4041,SITE_140
655,SITE_1210
4015,SITE_1105
3021,SITE_469
4863,SITE_856
1727,SITE_568
4304,SITE_199
4451,SITE_487
1387,SITE_353
3591,SITE_1208
4760,SITE_116
5007,SITE_903
3228,SITE_355
606,SITE_1077
5138,SITE_1037
2970,SITE_798
345,SITE_887
259,SITE_484
5079,SITE_935
3654,SITE_957
2282,SITE_780
1738,SITE_933
1016,SITE_969
4322,SITE_997
3050,SITE_763
3849,SITE_663
2573,SITE_250
5040,SITE_322
3366,SITE_256
2285,SITE_780
5109,SITE_33
2837,SITE_23
395,SITE_1112
4720,SITE_334
2963,SITE_1231
4672,SITE_546
1919,SITE_778
3685,SITE_1054
2516,SITE_1142
1844,SITE_1103
4165,SITE_749
301,SITE_699
1944,SITE_71
1751,SITE_215
1042,SITE_631
2234,SITE_577
1423,SITE_795
1374,SITE_928
4521,SITE_115
2780,SITE_633
4218,SITE_502
2581,SITE_1126
3632,SITE_341
169,SITE_799
3361,SITE_1029
3883,SITE_1004
5119,SITE_256
43,SITE_479
3562,SITE_647
749,SITE_667
2945,SITE_223
1473,SITE_741
2893,SITE_1164
3744,SITE_950
4914,SITE_1026
4254,SITE_386
4468,SITE_967
2723,SITE_900
2609,SITE_1057
3133,SITE_468
3165,SITE_165
1877,SITE_1087
3913,SITE_595
3483,SITE_217
2819,SITE_396
3579,SITE_1071
1450,SITE_840
3781,SITE_642
3740,SITE_950
465,SITE_748
1466,SITE_373
1601,SITE_637
4637,SITE_946
862,SITE_989
409,SITE_522
1546,SITE_460
4700,SITE_327
4715,SITE_164
1762,SITE_643
1254,SITE_879
1723,SITE_1001
2167,SITE_554
3621,SITE_1093
4846,SITE_458
3130,SITE_921
1936,SITE_227
1357,SITE_720
4716,SITE_53
4471,SITE_154
1185,SITE_1102
1375,SITE_928
2354,SITE_654
2199,SITE_986
2257,SITE_1060
3672,SITE_1188
4213,SITE_215
2091,SITE_70
871,SITE_450
4225,SITE_574
2390,SITE_848
1281,SITE_729
2250,SITE_157
296,SITE_765
685,SITE_447
4741,SITE_1034
3482,SITE_217
1137,SITE_899
2809,SITE_266
5114,SITE_169
4266,SITE_665
3136,SITE_468
3158,SITE_739
150,SITE_842
1964,SITE_484
678,SITE_12
4262,SITE_235
4417,SITE_833
1116,SITE_207
3712,SITE_153
4706,SITE_223
1794,SITE_406
4448,SITE_490
530,SITE_1100
46,SITE_179
2758,SITE_91
5323,SITE_263
688,SITE_880
2749,SITE_504
1684,SITE_516
4388,SITE_470
197,SITE_280
3618,SITE_3
3335,SITE_310
117,SITE_83
3911,SITE_620
254,SITE_441
4428,SITE_37
4152,SITE_1009
3535,SITE_881
2883,SITE_385
1717,SITE_158
3736,SITE_1171
1978,SITE_877
4795,SITE_545
1011,SITE_146
3576,SITE_1040
2521,SITE_29
1024,SITE_1125
3390,SITE_161
1824,SITE_762
1667,SITE_950
5207,SITE_876
417,SITE_670
4711,SITE_800
1443,SITE_503
815,SITE_708
675,SITE_780
4965,SITE_661
4901,SITE_398
2909,SITE_953
3205,SITE_190
227,SITE_872
380,SITE_1086
1328,SITE_252
2418,SITE_823
3658,SITE_1232
4791,SITE_494
1194,SITE_212
362,SITE_894
98,SITE_938
4369,SITE_177
2451,SITE_181
4491,SITE_941
2009,SITE_182
5177,SITE_1157
4240,SITE_95
3799,SITE_144
348,SITE_887
3407,SITE_874
1550,SITE_716
2638,SITE_764
1469,SITE_119
1603,SITE_22
3893,SITE_555
988,SITE_666
2153,SITE_1223
4916,SITE_767
4661,SITE_549
4183,SITE_21
3259,SITE_1044
3346,SITE_609
3902,SITE_422
657,SITE_1201
1377,SITE_837
5083,SITE_344
2317,SITE_349
5267,SITE_1094
1514,SITE_191
3752,SITE_141
1118,SITE_488
795,SITE_155
4771,SITE_93
643,SITE_157
2194,SITE_1194
370,SITE_588
733,SITE_233
4876,SITE_847
5102,SITE_245
3986,SITE_1024
3891,SITE_1204
3143,SITE_645
1044,SITE_1056
3014,SITE_684
4367,SITE_421
517,SITE_532
4951,SITE_468
2884,SITE_550
5302,SITE_350
2615,SITE_636
561,SITE_121
3812,SITE_1006
2288,SITE_142
1942,SITE_872
5335,SITE_265
659,SITE_1210
2073,SITE_127
2039,SITE_1099
4737,SITE_254
4337,SITE_1085
3933,SITE_1007
5178,SITE_757
1843,SITE_1103
221,SITE_801
818,SITE_918
2445,SITE_345
5026,SITE_191
5298,SITE_1162
3869,SITE_516
2878,SITE_943
1144,SITE_746
4416,SITE_878
3689,SITE_280
2485,SITE_61
4699,SITE_327
2098,SITE_360
159,SITE_288
3312,SITE_691
3923,SITE_975
2015,SITE_100
2374,SITE_1141
3151,SITE_1185
4980,SITE_576
3717,SITE_79
1590,SITE_1042
2757,SITE_160
2270,SITE_1025
726,SITE_1215
3221,SITE_204
3261,SITE_381
1805,SITE_967
4676,SITE_984
406,SITE_321
2120,SITE_529
2385,SITE_47
213,SITE_1084
2974,SITE_494
4753,SITE_501
531,SITE_1100
899,SITE_11
3879,SITE_979
5176,SITE_1157
3984,SITE_1024